movies_name,movies_metascore,movies_ratings,movies_time,movies_genres,movies_censor_rated,movies_director,,movies_votes,movies_gross
It Follows,83,6.8,100 min,"Horror, Mystery, Thriller",R,David Robert Mitchell,,"208,164",$14.67M
Furious 7,67,7.1,137 min,"Action, Adventure, Thriller",PG-13,James Wan,,"356,663",$353.01M
King Kong,90,7.9,100 min,"Adventure, Horror, Sci-Fi",Passed,Merian C. Cooper,,"78,319",$10.00M
Spring,70,6.7,109 min,"Horror, Romance, Sci-Fi",Not Rated,Justin Benson,,"24,147",$0.05M
Sicario,82,7.6,121 min,"Action, Crime, Drama",R,Denis Villeneuve,,"366,584",$46.89M
Awakenings,74,7.8,121 min,"Biography, Drama",PG-13,Penny Marshall,,"123,019",$52.10M
Young Adult,71,6.2,94 min,"Comedy, Drama",R,Jason Reitman,,"79,956",$16.31M
Blow-Up,82,7.6,111 min,"Drama, Mystery, Thriller",Not Rated,Michelangelo Antonioni,,"55,868",
The Long Goodbye,87,7.6,112 min,"Comedy, Crime, Drama",R,Robert Altman,,"25,816",$0.96M
Spartacus,87,7.9,197 min,"Adventure, Biography, Drama",PG-13,Stanley Kubrick,,"123,357",$30.00M
Ronin,67,7.3,122 min,"Action, Crime, Thriller",R,John Frankenheimer,,"171,048",$41.62M
Mad Max,73,6.9,88 min,"Action, Adventure, Sci-Fi",R,George Miller,,"190,004",$8.75M
Touch of Evil,99,8,95 min,"Crime, Drama, Film-Noir",PG-13,Orson Welles,,"97,804",$2.24M
Nymphomaniac: Vol. I,64,6.9,117 min,Drama,Not Rated,Lars von Trier,,"115,638",$0.79M
Ong-Bak: The Thai Warrior,69,7.2,105 min,"Action, Crime, Thriller",R,Prachya Pinkaew,,"70,708",$4.56M
Manhattan Melodrama,,7.2,93 min,"Crime, Drama, Romance",Not Rated,W.S. Van Dyke,,"3,555",
Boyhood,100,7.9,165 min,Drama,R,Richard Linklater,,"333,422",$25.38M
Terms of Endearment,79,7.4,132 min,"Comedy, Drama",PG,James L. Brooks,,"54,561",$108.42M
The Master,86,7.2,138 min,Drama,R,Paul Thomas Anderson,,"153,226",$16.38M
How to Train Your Dragon 2,76,7.8,102 min,"Animation, Action, Adventure",PG,Dean DeBlois,,"302,302",$177.00M
What We Do in the Shadows,76,7.7,86 min,"Comedy, Horror",R,Jemaine Clement,,"155,104",$3.33M
Roger & Me,70,7.4,91 min,Documentary,R,Michael Moore,,"25,539",$6.71M
Role Models,61,6.8,99 min,Comedy,R,David Wain,,"219,084",$67.29M
Wayne's World 2,,6.2,95 min,"Comedy, Music",PG-13,Stephen Surjik,,"76,625",$48.20M
The Warriors,65,7.6,92 min,"Action, Crime, Thriller",R,Walter Hill,,"93,033",$22.49M
The Castle,,7.7,85 min,"Comedy, Drama",R,Rob Sitch,,"14,879",$0.86M
Home Alone 2: Lost in New York,,6.8,120 min,"Adventure, Comedy, Crime",PG,Chris Columbus,,"297,132",$173.59M
Final Destination 2,,6.2,90 min,"Horror, Thriller",R,David R. Ellis,,"151,113",$46.96M
Mean Streets,96,7.2,112 min,"Crime, Drama, Thriller",R,Martin Scorsese,,"99,069",$3.13M
The Full Monty,75,7.2,91 min,"Comedy, Drama",R,Peter Cattaneo,,"98,041",$45.95M
Fast Times at Ridgemont High,61,7.2,90 min,"Comedy, Drama",R,Amy Heckerling,,"93,550",$27.09M
Black Dynamite,65,7.4,84 min,"Action, Comedy",R,Scott Sanders,,"45,487",$0.23M
Everything Is Illuminated,,7.4,106 min,"Comedy, Drama",PG-13,Liev Schreiber,,"56,535",$1.71M
No Way Out,77,7.1,114 min,"Action, Crime, Drama",R,Roger Donaldson,,"35,062",$35.51M
The Darjeeling Limited,67,7.2,91 min,"Adventure, Comedy, Drama",R,Wes Anderson,,"178,840",$11.90M
State of Grace,,7.2,134 min,"Action, Crime, Drama",R,Phil Joanou,,"20,633",$1.91M
The Hunger Games: Catching Fire,76,7.5,146 min,"Action, Adventure, Mystery",PG-13,Francis Lawrence,,"609,298",$424.67M
Miracle on 34th Street,88,7.9,96 min,"Comedy, Drama, Family",Not Rated,George Seaton,,"39,649",$2.65M
Big Fish,,8,125 min,"Adventure, Drama, Fantasy",PG-13,Tim Burton,,"412,499",$66.26M
Analyze This,61,6.7,103 min,"Comedy, Crime",R,Harold Ramis,,"144,915",$106.89M
Ben-Hur,90,8.1,212 min,"Adventure, Drama, History",G,William Wyler,,"217,353",$74.70M
Top Secret!,68,7.2,90 min,"Comedy, Music",PG,Jim Abrahams,,"59,663",$20.50M
Fast Five,66,7.3,130 min,"Action, Adventure, Crime",PG-13,Justin Lin,,"350,074",$209.84M
An Officer and a Gentleman,75,7,124 min,"Drama, Romance",R,Taylor Hackford,,"49,044",$129.80M
Mystic River,84,7.9,138 min,"Crime, Drama, Mystery",R,Clint Eastwood,,"415,755",$90.14M
Shut Up and Play the Hits,72,7.4,108 min,"Documentary, Music",Not Rated,Will Lovelace,,"2,622",$0.51M
Bobby Fischer Against the World,76,7.4,93 min,"Documentary, Biography, History",TV-14,Liz Garbus,,"6,757",
Southern Comfort,63,7.2,106 min,"Action, Thriller",R,Walter Hill,,"16,300",$5.00M
Rocky II,61,7.3,119 min,"Drama, Sport",PG,Sylvester Stallone,,"189,920",$6.39M
Time Bandits,79,7,110 min,"Adventure, Comedy, Fantasy",PG,Terry Gilliam,,"58,083",$42.37M
Jungle Fever,78,6.6,132 min,"Drama, Romance",R,Spike Lee,,"16,908",$32.48M
Down Terrace,68,6.5,89 min,"Crime, Drama",R,Ben Wheatley,,"3,463",$0.01M
"Play It Again, Sam",77,7.6,85 min,"Comedy, Romance",PG,Herbert Ross,,"24,438",$2.30M
Bill & Ted's Bogus Journey,,6.3,93 min,"Adventure, Comedy, Fantasy",PG,Peter Hewitt,,"68,132",$38.04M
Napoleon Dynamite,64,6.9,96 min,Comedy,PG,Jared Hess,,"196,751",$44.54M
We Need to Talk About Kevin,68,7.5,112 min,"Drama, Mystery, Thriller",R,Lynne Ramsay,,"136,542",$1.74M
August: Osage County,,7.2,121 min,"Comedy, Drama",R,John Wells,,"84,120",$37.74M
The Wedding Singer,,6.8,97 min,"Comedy, Music, Romance",PG-13,Frank Coraci,,"133,858",$80.25M
The Naked Gun 2½: The Smell of Fear,65,6.9,85 min,"Comedy, Crime",PG-13,David Zucker,,"104,453",$86.93M
Midnight in Paris,81,7.7,94 min,"Comedy, Fantasy, Romance",PG-13,Woody Allen,,"384,608",$56.82M
Philadelphia,66,7.7,125 min,Drama,PG-13,Jonathan Demme,,"222,074",$77.32M
Beowulf,,6.2,115 min,"Animation, Action, Adventure",PG-13,Robert Zemeckis,,"160,821",$82.16M
Deep Cover,,6.9,107 min,"Action, Crime, Thriller",R,Bill Duke,,"8,769",$16.64M
Runaway Jury,61,7.1,127 min,"Crime, Drama, Thriller",PG-13,Gary Fleder,,"90,509",$49.44M
Save the Tiger,,6.9,100 min,Drama,R,John G. Avildsen,,"4,559",$2.33M
Mississippi Burning,65,7.8,128 min,"Crime, Drama, History",R,Alan Parker,,"87,239",$34.60M
Goon,64,6.8,92 min,"Comedy, Drama, Sport",R,Michael Dowse,,"83,441",$4.17M
Final Destination,,6.7,98 min,"Horror, Thriller",R,James Wong,,"227,882",$53.33M
Fletch,68,6.9,98 min,"Comedy, Crime, Mystery",PG,Michael Ritchie,,"47,232",$50.61M
The Lion King,88,8.5,88 min,"Animation, Adventure, Drama",G,Roger Allers,,"930,699",$422.78M
Sleeper,77,7.2,89 min,"Comedy, Sci-Fi",PG,Woody Allen,,"39,581",$2.91M
Seven Samurai,98,8.6,207 min,"Action, Adventure, Drama",Not Rated,Akira Kurosawa,,"312,511",$0.27M
Amy,85,7.8,128 min,"Documentary, Biography, Music",R,Asif Kapadia,,"48,215",$8.41M
The Lobster,82,7.2,119 min,"Comedy, Drama, Romance",R,Yorgos Lanthimos,,"215,301",$8.70M
Commando,,6.7,90 min,"Action, Adventure, Thriller",R,Mark L. Lester,,"145,222",$35.10M
Ted,62,6.9,106 min,Comedy,R,Seth MacFarlane,,"566,471",$218.82M
The 40-Year-Old Virgin,73,7.1,116 min,"Comedy, Romance",R,Judd Apatow,,"392,458",$109.45M
Mary Poppins,88,7.8,139 min,"Comedy, Family, Fantasy",G,Robert Stevenson,,"156,230",$102.27M
The Sound of Music,63,8,172 min,"Biography, Drama, Family",G,Robert Wise,,"201,034",$163.21M
Arrival,81,7.9,116 min,"Drama, Sci-Fi",PG-13,Denis Villeneuve,,"585,893",$100.55M
Uncut Gems,91,7.4,135 min,"Crime, Drama, Thriller",R,Benny Safdie,,"211,234",
Manchester by the Sea,96,7.8,137 min,Drama,R,Kenneth Lonergan,,"243,208",$47.70M
Blade Runner 2049,81,8,164 min,"Action, Drama, Mystery",R,Denis Villeneuve,,"452,524",$92.05M
Baby Driver,86,7.6,113 min,"Action, Crime, Music",R,Edgar Wright,,"431,791",$107.83M
Thor: Ragnarok,74,7.9,130 min,"Action, Adventure, Comedy",PG-13,Taika Waititi,,"576,977",$315.06M
Detroit,77,7.3,143 min,"Crime, Drama, History",R,Kathryn Bigelow,,"47,629",$16.79M
Guardians of the Galaxy Vol. 2,67,7.6,136 min,"Action, Adventure, Comedy",PG-13,James Gunn,,"560,852",$389.81M
The Ballad of Buster Scruggs,79,7.3,133 min,"Comedy, Drama, Musical",R,Ethan Coen,,"119,241",
The Post,83,7.2,116 min,"Drama, Thriller",PG-13,Steven Spielberg,,"133,641",$81.90M
Hellboy II: The Golden Army,78,7,120 min,"Action, Adventure, Fantasy",PG-13,Guillermo del Toro,,"254,246",$75.75M
Dear Zachary: A Letter to a Son About His Father,82,8.5,95 min,"Documentary, Biography, Crime",Not Rated,Kurt Kuenne,,"32,981",
The Edge of Seventeen,77,7.3,104 min,"Comedy, Drama",R,Kelly Fremon Craig,,"102,773",$14.43M
13th,83,8.3,100 min,"Documentary, Crime, History",TV-MA,Ava DuVernay,,"31,010",
Molly's Game,71,7.4,140 min,"Biography, Crime, Drama",R,Aaron Sorkin,,"139,010",$28.78M
Free Fire,63,6.4,91 min,"Action, Comedy, Crime",R,Ben Wheatley,,"41,485",$1.80M
A Star Is Born,88,7.6,136 min,"Drama, Music, Romance",R,Bradley Cooper,,"327,278",$215.29M
Blade II,,6.7,117 min,"Action, Fantasy, Horror",R,Guillermo del Toro,,"198,475",$82.35M
Falling Down,,7.6,113 min,"Action, Crime, Drama",R,Joel Schumacher,,"169,116",$40.90M
Eyes Wide Shut,68,7.4,159 min,"Drama, Mystery, Thriller",R,Stanley Kubrick,,"299,420",$55.69M
The Lost Boys,63,7.3,97 min,"Comedy, Horror",R,Joel Schumacher,,"123,097",$32.22M
The Jungle Book,77,7.4,106 min,"Adventure, Drama, Family",PG,Jon Favreau,,"257,128",$364.00M
Oasis: Supersonic,71,7.9,122 min,"Documentary, Biography, Music",R,Mat Whitecross,,"10,094",$0.24M
The Killing,91,8,84 min,"Crime, Drama, Film-Noir",Approved,Stanley Kubrick,,"80,861",
True Lies,63,7.2,141 min,"Action, Adventure, Comedy",R,James Cameron,,"235,626",$146.28M
Swimming with Sharks,66,7.1,93 min,"Comedy, Crime",R,George Huang,,"21,708",$0.38M
Nurse Betty,69,6.1,110 min,"Comedy, Crime, Drama",R,Neil LaBute,,"32,802",$25.17M
Henry: Portrait of a Serial Killer,80,7,83 min,"Biography, Crime, Drama",Unrated,John McNaughton,,"31,782",$0.61M
Buffalo '66,68,7.5,110 min,"Comedy, Drama, Romance",R,Vincent Gallo,,"47,321",$2.38M
Downfall,82,8.2,156 min,"Biography, Drama, History",R,Oliver Hirschbiegel,,"328,464",$5.51M
Star Wars: Episode I - The Phantom Menace,,6.5,136 min,"Action, Adventure, Fantasy",PG,George Lucas,,"721,807",$474.54M
Risky Business,75,6.8,99 min,"Comedy, Crime, Drama",R,Paul Brickman,,"80,231",$63.50M
The Last King of Scotland,74,7.7,123 min,"Biography, Drama, History",R,Kevin Macdonald,,"174,239",$17.61M
Short Cuts,79,7.7,188 min,"Comedy, Drama",R,Robert Altman,,"42,009",$6.11M
Witness,76,7.4,112 min,"Crime, Drama, Romance",R,Peter Weir,,"85,523",$68.71M
The Limey,73,7,89 min,"Crime, Drama, Mystery",R,Steven Soderbergh,,"29,948",$3.19M
Cast Away,73,7.8,143 min,"Adventure, Drama, Romance",PG-13,Robert Zemeckis,,"517,658",$233.63M
Gangster No. 1,,6.8,103 min,"Crime, Drama, Thriller",R,Paul McGuigan,,"13,072",$0.03M
The Godfather Coda: The Death of Michael Corleone,,7.6,162 min,"Crime, Drama",R,Francis Ford Coppola,,"354,931",$66.67M
The Crow,71,7.6,102 min,"Action, Drama, Fantasy",R,Alex Proyas,,"165,341",$50.69M
Eastern Promises,82,7.6,100 min,"Action, Crime, Drama",R,David Cronenberg,,"226,080",$17.11M
The Hobbit: The Desolation of Smaug,66,7.8,161 min,"Adventure, Fantasy",PG-13,Peter Jackson,,"595,936",$258.37M
Manhattan,83,7.9,96 min,"Comedy, Drama, Romance",R,Woody Allen,,"130,495",$45.70M
Kingpin,,6.9,114 min,"Comedy, Sport",PG-13,Bobby Farrelly,,"76,523",$24.94M
Quantum of Solace,,6.6,106 min,"Action, Adventure, Thriller",PG-13,Marc Forster,,"402,345",$168.37M
El Mariachi,73,6.9,81 min,"Action, Crime, Thriller",R,Robert Rodriguez,,"62,922",$2.04M
Big Trouble in Little China,,7.3,99 min,"Action, Adventure, Comedy",PG-13,John Carpenter,,"122,351",$11.10M
The Sting,83,8.3,129 min,"Comedy, Crime, Drama",PG,George Roy Hill,,"239,274",$159.60M
Apollo 13,77,7.6,140 min,"Adventure, Drama, History",PG,Ron Howard,,"265,827",$173.84M
Noah,68,5.7,138 min,"Action, Adventure, Drama",PG-13,Darren Aronofsky,,"241,765",$101.20M
Once,88,7.8,86 min,"Drama, Music, Romance",R,John Carney,,"110,013",$9.44M
Captain Fantastic,72,7.9,118 min,"Comedy, Drama",R,Matt Ross,,"186,117",$5.88M
Lord of War,62,7.6,122 min,"Action, Crime, Drama",R,Andrew Niccol,,"292,284",$24.15M
The Last of the Mohicans,76,7.7,112 min,"Action, Adventure, Drama",R,Michael Mann,,"147,722",$75.51M
Lone Survivor,,7.5,121 min,"Action, Biography, Drama",R,Peter Berg,,"264,168",$125.10M
Jumanji,,7,104 min,"Adventure, Comedy, Family",PG,Joe Johnston,,"304,232",$100.48M
Apocalypto,68,7.8,139 min,"Action, Adventure, Drama",R,Mel Gibson,,"288,966",$50.87M
Youth in Revolt,63,6.4,90 min,"Comedy, Drama, Romance",R,Miguel Arteta,,"72,138",$15.28M
Lords of Dogtown,,7.1,107 min,"Biography, Drama, Sport",PG-13,Catherine Hardwicke,,"51,774",$11.01M
Team America: World Police,64,7.2,98 min,"Action, Comedy",R,Trey Parker,,"158,719",$32.77M
After Hours,90,7.7,97 min,"Comedy, Crime, Drama",R,Martin Scorsese,,"58,356",$10.60M
Man on the Moon,,7.4,118 min,"Biography, Comedy, Drama",R,Milos Forman,,"123,361",$34.58M
Trollhunter,61,7,103 min,"Drama, Fantasy, Horror",PG-13,André Øvredal,,"68,398",$0.25M
Monument Ave.,71,6.7,93 min,"Crime, Drama, Thriller",R,Ted Demme,,"1,553",$0.33M
Heavenly Creatures,,7.3,99 min,"Biography, Crime, Drama",R,Peter Jackson,,"58,574",$3.05M
Monsoon Wedding,77,7.3,114 min,"Comedy, Drama, Romance",R,Mira Nair,,"23,222",$13.88M
The Sweet Hereafter,91,7.5,112 min,Drama,R,Atom Egoyan,,"31,849",$3.25M
Cube,61,7.2,90 min,"Drama, Mystery, Sci-Fi",R,Vincenzo Natali,,"210,345",$0.50M
Breaking the Waves,76,7.8,159 min,Drama,R,Lars von Trier,,"61,856",$4.04M
The Man with Two Brains,61,6.4,93 min,"Comedy, Romance, Sci-Fi",R,Carl Reiner,,"24,084",$10.10M
Birdman or (The Unexpected Virtue of Ignorance),87,7.7,119 min,"Comedy, Drama",R,Alejandro G. Iñárritu,,"574,182",$42.34M
Beverly Hills Cop,66,7.3,105 min,"Action, Comedy, Crime",R,Martin Brest,,"161,671",$234.76M
The Ring,,7.1,115 min,"Horror, Mystery",PG-13,Gore Verbinski,,"319,070",$129.13M
Kids,63,7.1,91 min,Drama,Unrated,Larry Clark,,"72,491",$7.42M
Hearts of Darkness: A Filmmaker's Apocalypse,,8.1,96 min,Documentary,R,Fax Bahr,,"18,889",$1.32M
Roger Dodger,75,6.9,106 min,"Comedy, Drama",R,Dylan Kidd,,"16,830",$1.27M
Hard Candy,,7.1,104 min,"Drama, Thriller",R,David Slade,,"152,936",$1.01M
Sicko,74,7.9,123 min,"Documentary, Drama",PG-13,Michael Moore,,"73,473",$24.54M
Lenny,61,7.6,111 min,"Biography, Drama",R,Bob Fosse,,"14,588",
Persepolis,90,8,96 min,"Animation, Biography, Drama",PG-13,Vincent Paronnaud,,"87,945",$4.45M
The Others,74,7.6,104 min,"Horror, Mystery, Thriller",PG-13,Alejandro Amenábar,,"334,558",$96.52M
Bill & Ted's Excellent Adventure,,7,90 min,"Adventure, Comedy, Music",PG,Stephen Herek,,"117,067",$40.49M
Zoolander,61,6.5,90 min,Comedy,PG-13,Ben Stiller,,"244,698",$45.17M
Rescue Dawn,77,7.3,120 min,"Action, Biography, Drama",PG-13,Werner Herzog,,"100,454",$5.49M
Rear Window,100,8.4,112 min,"Mystery, Thriller",PG,Alfred Hitchcock,,"439,268",$36.76M
Being There,83,8,130 min,"Comedy, Drama",PG,Hal Ashby,,"64,992",$30.18M
Fear and Loathing in Las Vegas,,7.6,118 min,"Adventure, Comedy, Drama",R,Terry Gilliam,,"257,908",$10.68M
John Wick,68,7.4,101 min,"Action, Crime, Thriller",R,Chad Stahelski,,"530,103",$43.04M
Rope,73,8,80 min,"Crime, Drama, Mystery",Approved,Alfred Hitchcock,,"128,308",
Enter the Dragon,83,7.7,102 min,"Action, Crime, Drama",R,Robert Clouse,,"95,517",$25.00M
Wayne's World,,7,94 min,"Comedy, Music",PG-13,Penelope Spheeris,,"142,952",$121.70M
This Is Spinal Tap,92,7.9,82 min,"Comedy, Music",R,Rob Reiner,,"127,792",$0.19M
Old School,,7.1,88 min,Comedy,R,Todd Phillips,,"213,938",$75.59M
Top Five,81,6.4,102 min,"Comedy, Romance",R,Chris Rock,,"25,681",$25.28M
All About Eve,98,8.2,138 min,Drama,Passed,Joseph L. Mankiewicz,,"119,497",$0.01M
Scum,,7.6,98 min,"Crime, Drama",R,Alan Clarke,,"10,099",
Blackfish,83,8.1,83 min,"Documentary, Biography, News",PG-13,Gabriela Cowperthwaite,,"61,366",$2.07M
The Martian,80,8,144 min,"Adventure, Drama, Sci-Fi",PG-13,Ridley Scott,,"751,309",$228.43M
The Cove,84,8.4,92 min,"Documentary, Biography, Crime",PG-13,Louie Psihoyos,,"47,088",$0.87M
Dope,72,7.2,103 min,"Comedy, Crime, Drama",R,Rick Famuyiwa,,"80,359",$17.47M
Steve Jobs,82,7.2,122 min,"Biography, Drama",R,Danny Boyle,,"152,753",$17.77M
First Blood,61,7.7,93 min,"Action, Adventure",R,Ted Kotcheff,,"224,234",$47.21M
A Nightmare on Elm Street,76,7.5,91 min,Horror,TV-14,Wes Craven,,"205,303",$25.50M
You Only Live Twice,61,6.9,117 min,"Action, Adventure, Thriller",PG,Lewis Gilbert,,"97,530",$43.08M
Bronson,71,7.1,92 min,"Action, Biography, Crime",R,Nicolas Winding Refn,,"119,314",$0.10M
Project Nim,83,7.4,93 min,Documentary,PG-13,James Marsh,,"8,144",$0.41M
Three Days of the Condor,63,7.4,117 min,"Mystery, Thriller",R,Sydney Pollack,,"47,752",$41.51M
Cape Fear,73,7.3,128 min,"Crime, Thriller",R,Martin Scorsese,,"171,899",$79.10M
Glory,78,7.8,122 min,"Biography, Drama, History",R,Edward Zwick,,"121,250",$26.83M
Pink Flamingos,,6.1,93 min,"Comedy, Crime",NC-17,John Waters,,"21,827",$0.18M
Eraserhead,87,7.4,89 min,"Fantasy, Horror",Not Rated,David Lynch,,"101,525",$7.00M
Tucker and Dale vs Evil,65,7.5,89 min,"Comedy, Horror",R,Eli Craig,,"164,419",$0.22M
The Man Who Wasn't There,73,7.5,116 min,"Crime, Drama",R,Joel Coen,,"103,299",$7.49M
Django,75,7.2,91 min,"Action, Western",Not Rated,Sergio Corbucci,,"24,595",$0.03M
Singin' in the Rain,99,8.3,103 min,"Comedy, Musical, Romance",G,Stanley Donen,,"216,310",$8.82M
Auto Focus,66,6.6,105 min,"Biography, Crime, Drama",R,Paul Schrader,,"13,160",$2.06M
The Iron Giant,85,8,86 min,"Animation, Action, Adventure",PG,Brad Bird,,"170,454",$23.16M
Princess Mononoke,76,8.4,134 min,"Animation, Adventure, Fantasy",PG-13,Hayao Miyazaki,,"337,843",$2.38M
Mission: Impossible - Rogue Nation,75,7.4,131 min,"Action, Adventure, Thriller",PG-13,Christopher McQuarrie,,"338,849",$195.04M
Double Indemnity,95,8.3,107 min,"Crime, Drama, Film-Noir",Passed,Billy Wilder,,"141,989",$5.72M
Aladdin,86,8,90 min,"Animation, Adventure, Comedy",G,Ron Clements,,"370,758",$217.35M
Piranha 3D,,5.4,88 min,"Comedy, Horror",R,Alexandre Aja,,"85,511",$25.00M
Kingsman: The Secret Service,,7.7,129 min,"Action, Adventure, Comedy",R,Matthew Vaughn,,"585,480",$128.26M
Song of the Sea,85,8.1,93 min,"Animation, Adventure, Drama",PG,Tomm Moore,,"50,340",$0.86M
Creed,82,7.6,133 min,"Drama, Sport",PG-13,Ryan Coogler,,"244,986",$109.77M
Star Wars: Episode VIII - The Last Jedi,84,7,152 min,"Action, Adventure, Fantasy",PG-13,Rian Johnson,,"556,082",$620.18M
Hacksaw Ridge,71,8.1,139 min,"Biography, Drama, History",R,Mel Gibson,,"427,972",$67.21M
Dunkirk,94,7.9,106 min,"Action, Drama, History",PG-13,Christopher Nolan,,"544,497",$188.37M
Kinsey,79,7,118 min,"Biography, Drama, Romance",R,Bill Condon,,"47,303",$10.21M
Gimme Shelter,80,7.8,91 min,"Documentary, Music, Thriller",GP,Albert Maysles,,"10,690",$0.25M
Frenzy,92,7.4,116 min,Thriller,R,Alfred Hitchcock,,"41,068",$12.60M
Amadeus,88,8.3,160 min,"Biography, Drama, History",R,Milos Forman,,"365,632",$51.97M
A Separation,95,8.3,123 min,Drama,PG-13,Asghar Farhadi,,"217,355",$7.10M
Dallas Buyers Club,80,8,117 min,"Biography, Drama",R,Jean-Marc Vallée,,"436,175",$27.30M
Die Hard with a Vengeance,,7.6,128 min,"Action, Adventure, Thriller",R,John McTiernan,,"360,583",$100.01M
Freeway,61,6.8,102 min,"Comedy, Crime, Drama",R,Matthew Bright,,"26,150",$0.30M
The Fog of War: Eleven Lessons from the Life of Robert S. McNamara,87,8.1,107 min,"Documentary, Biography, History",PG-13,Errol Morris,,"22,693",$4.20M
Carlos,94,7.6,334 min,"Biography, Crime, Drama",Not Rated,Edgar Ramírez,,"12,890",$0.15M
For a Few Dollars More,74,8.3,132 min,Western,R,Sergio Leone,,"230,103",$15.00M
Ratatouille,96,8,111 min,"Animation, Adventure, Comedy",G,Brad Bird,,"633,486",$206.45M
The Funeral,,6.6,99 min,"Crime, Drama",R,Abel Ferrara,,"8,200",$1.23M
The Devil's Advocate,,7.5,144 min,"Drama, Mystery, Thriller",R,Taylor Hackford,,"328,272",$60.98M
The Player,86,7.5,124 min,"Comedy, Crime, Drama",R,Robert Altman,,"54,216",$21.71M
Thank You for Smoking,71,7.6,92 min,"Comedy, Drama",R,Jason Reitman,,"212,068",$24.79M
Seven Psychopaths,66,7.2,110 min,"Comedy, Crime",R,Martin McDonagh,,"239,346",$15.02M
Skyfall,81,7.7,143 min,"Action, Adventure, Thriller",PG-13,Sam Mendes,,"626,030",$304.36M
Hereditary,87,7.3,127 min,"Drama, Horror, Mystery",R,Ari Aster,,"234,475",$44.07M
Starred Up,81,7.4,106 min,"Crime, Drama",Not Rated,David Mackenzie,,"43,039",$0.03M
Paddington,77,7.2,95 min,"Adventure, Comedy, Family",PG,Paul King,,"96,637",$76.27M
Joe,74,6.9,117 min,"Crime, Drama, Thriller",R,David Gordon Green,,"45,304",$0.37M
Bloody Sunday,90,7.6,107 min,"Drama, History, War",R,Paul Greengrass,,"23,163",$0.77M
Spirited Away,96,8.6,125 min,"Animation, Adventure, Family",PG,Hayao Miyazaki,,"640,310",$10.06M
Neds,,7,124 min,Drama,TV-14,Peter Mullan,,"8,024",
Michael,64,6.9,96 min,"Drama, Thriller",Not Rated,Markus Schleinzer,,"4,528",$0.02M
The Shape of Water,87,7.3,123 min,"Adventure, Drama, Fantasy",R,Guillermo del Toro,,"364,304",$63.86M
"Three Billboards Outside Ebbing, Missouri",88,8.2,115 min,"Comedy, Crime, Drama",R,Martin McDonagh,,"422,035",$54.51M
Three Identical Strangers,81,7.7,96 min,"Documentary, Biography, Drama",PG-13,Tim Wardle,,"26,593",$12.32M
State of Play,64,7.1,127 min,"Crime, Drama, Mystery",PG-13,Kevin Macdonald,,"135,935",$37.02M
The Wackness,61,7,99 min,"Comedy, Drama, Romance",R,Jonathan Levine,,"29,777",$2.08M
Dirty Rotten Scoundrels,68,7.4,110 min,"Comedy, Crime",PG,Frank Oz,,"64,034",$42.04M
Los ojos de Julia,,6.7,118 min,"Horror, Mystery, Thriller",Not Rated,Guillem Morales,,"32,445",
Ghostbusters II,,6.6,108 min,"Action, Comedy, Fantasy",PG,Ivan Reitman,,"181,633",$112.49M
Jackass 3D,,7,94 min,"Documentary, Action, Comedy",R,Jeff Tremaine,,"56,457",$117.22M
Stake Land,66,6.5,98 min,"Drama, Horror, Sci-Fi",R,Jim Mickle,,"40,445",$0.02M
No,81,7.4,118 min,Drama,R,Pablo Larraín,,"23,005",$2.34M
Empire of the Sun,62,7.7,153 min,"Action, Drama, History",PG,Steven Spielberg,,"114,555",$22.24M
Tombstone,,7.8,130 min,"Action, Biography, Drama",R,George P. Cosmatos,,"125,249",$56.51M
I Heart Huckabees,,6.6,107 min,Comedy,R,David O. Russell,,"62,016",$12.78M
The Addiction,,6.5,82 min,"Drama, Horror",Not Rated,Abel Ferrara,,"8,876",$0.30M
Indiana Jones and the Temple of Doom,,7.6,118 min,"Action, Adventure",PG,Steven Spielberg,,"444,407",$179.87M
"Paris, je t'aime",66,7.2,120 min,"Comedy, Drama, Romance",R,Olivier Assayas,,"70,228",$4.86M
Get Him to the Greek,65,6.4,109 min,"Adventure, Comedy, Music",R,Nicholas Stoller,,"169,065",$60.97M
Scream,65,7.2,111 min,"Horror, Mystery",R,Wes Craven,,"285,546",$103.05M
Iron Man 3,62,7.2,130 min,"Action, Adventure, Sci-Fi",PG-13,Shane Black,,"747,983",$409.01M
The Village,,6.5,108 min,"Drama, Mystery, Thriller",PG-13,M. Night Shyamalan,,"241,372",$114.20M
21 Jump Street,69,7.2,109 min,"Action, Comedy, Crime",R,Phil Lord,,"506,990",$138.45M
Pacific Rim,65,6.9,131 min,"Action, Adventure, Sci-Fi",PG-13,Guillermo del Toro,,"462,944",$101.80M
Shoot 'Em Up,,6.7,86 min,"Action, Thriller",R,Michael Davis,,"143,695",$12.81M
Angels with Dirty Faces,,7.9,97 min,"Crime, Drama, Film-Noir",Passed,Michael Curtiz,,"19,672",
Rachel Getting Married,82,6.7,113 min,"Drama, Romance",R,Jonathan Demme,,"47,100",$12.80M
Planet Terror,,7.1,105 min,"Action, Adventure, Comedy",R,Robert Rodriguez,,"199,020",
Private Parts,67,6.9,109 min,"Biography, Comedy, Drama",R,Betty Thomas,,"33,747",$41.20M
Spring Breakers,63,5.3,94 min,"Crime, Drama",R,Harmony Korine,,"134,892",$14.12M
Wag the Dog,73,7.2,97 min,"Comedy, Drama",R,Barry Levinson,,"78,458",$43.02M
Margin Call,76,7.1,107 min,"Drama, Thriller",R,J.C. Chandor,,"115,772",$5.35M
Cinderella Man,69,8,144 min,"Biography, Drama, History",PG-13,Ron Howard,,"174,892",$61.65M
"Paris, Texas",78,8.1,145 min,Drama,R,Wim Wenders,,"89,096",$2.18M
Prisoners,70,8.1,153 min,"Crime, Drama, Mystery",R,Denis Villeneuve,,"592,065",$61.00M
Bone Tomahawk,72,7.1,132 min,"Drama, Horror, Western",Not Rated,S. Craig Zahler,,"85,027",
Westworld,77,7,88 min,"Action, Sci-Fi, Thriller",PG,Michael Crichton,,"51,651",$16.06M
The Hateful Eight,68,7.8,168 min,"Crime, Drama, Mystery",R,Quentin Tarantino,,"508,336",$54.12M
Room,86,8.1,118 min,"Drama, Thriller",R,Lenny Abrahamson,,"365,100",$14.68M
The Nice Guys,70,7.4,116 min,"Action, Comedy, Crime",R,Shane Black,,"275,639",$36.26M
Hell or High Water,88,7.6,102 min,"Action, Crime, Drama",R,David Mackenzie,,"201,506",$26.86M
Nocturnal Animals,67,7.5,116 min,"Drama, Thriller",R,Tom Ford,,"234,258",$10.64M
Spotlight,93,8.1,129 min,"Biography, Crime, Drama",R,Tom McCarthy,,"414,341",$45.06M
Tenet,69,7.7,150 min,"Action, Sci-Fi",PG-13,Christopher Nolan,,"172,010",$53.80M
The Loved Ones,73,6.6,84 min,"Horror, Thriller",R,Sean Byrne,,"37,133",
"Good Morning, Vietnam",67,7.3,121 min,"Biography, Comedy, Drama",R,Barry Levinson,,"124,943",$123.92M
Badlands,93,7.8,94 min,"Action, Crime, Drama",PG,Terrence Malick,,"65,209",
The Class of '92,,8,99 min,"Documentary, Sport",Not Rated,Benjamin Turner,,"7,843",
Withnail & I,84,7.7,107 min,"Comedy, Drama",R,Bruce Robinson,,"39,891",$1.54M
Bowfinger,71,6.4,97 min,Comedy,PG-13,Frank Oz,,"65,980",$66.38M
Diamonds Are Forever,,6.6,120 min,"Action, Adventure, Thriller",PG,Guy Hamilton,,"95,184",$43.82M
Live and Let Die,,6.8,121 min,"Action, Adventure, Thriller",PG,Guy Hamilton,,"96,117",$35.38M
127 Hours,82,7.5,94 min,"Biography, Drama",R,Danny Boyle,,"345,322",$18.34M
Jacob's Ladder,62,7.5,113 min,"Drama, Horror, Mystery",R,Adrian Lyne,,"98,049",$26.12M
Black Hawk Down,74,7.7,144 min,"Drama, History, War",R,Ridley Scott,,"361,509",$108.64M
Machete,,6.6,105 min,"Action, Crime, Fantasy",R,Ethan Maniquis,,"189,390",$26.59M
The Adventures of Tintin,68,7.3,107 min,"Animation, Action, Adventure",PG,Steven Spielberg,,"215,135",$77.59M
Mission: Impossible II,,6.1,123 min,"Action, Adventure, Thriller",PG-13,John Woo,,"312,135",$215.41M
A Matter of Life and Death,,8.1,104 min,"Comedy, Drama, Fantasy",PG,Michael Powell,,"19,171",
Kubo and the Two Strings,84,7.8,101 min,"Animation, Action, Adventure",PG,Travis Knight,,"116,754",$48.02M
Arbitrage,73,6.6,107 min,"Drama, Thriller",R,Nicholas Jarecki,,"49,597",$7.92M
Ringu,,7.2,96 min,"Horror, Mystery",Not Rated,Hideo Nakata,,"63,433",
Suspiria,79,7.4,92 min,Horror,R,Dario Argento,,"79,395",
Carrie,85,7.4,98 min,Horror,R,Brian De Palma,,"166,991",$33.80M
Dark City,66,7.6,100 min,"Mystery, Sci-Fi, Thriller",R,Alex Proyas,,"186,859",$14.38M
Breakfast at Tiffany's,76,7.6,115 min,"Comedy, Drama, Romance",Approved,Blake Edwards,,"165,037",
Thirteen Days,67,7.3,145 min,"Drama, History, Thriller",PG-13,Roger Donaldson,,"53,706",$34.59M
Source Code,74,7.5,93 min,"Action, Drama, Mystery",PG-13,Duncan Jones,,"481,163",$54.71M
The Big Red One,77,7.1,113 min,"Drama, War",R,Samuel Fuller,,"18,558",
The Rover,64,6.4,103 min,"Action, Crime, Drama",R,David Michôd,,"44,461",$1.11M
Moulin Rouge!,66,7.6,127 min,"Drama, Musical, Romance",PG-13,Baz Luhrmann,,"265,050",$57.39M
Harry Brown,,7.2,103 min,"Action, Crime, Drama",R,Daniel Barber,,"83,764",$1.82M
The Contender,,6.9,126 min,"Drama, Thriller",R,Rod Lurie,,"22,761",$17.87M
Shaolin Soccer,68,7.3,87 min,"Action, Comedy, Family",PG,Stephen Chow,,"73,830",$0.49M
The Vanishing,,7.7,107 min,"Mystery, Thriller",Not Rated,George Sluizer,,"33,626",
Michael Collins,,7.2,133 min,"Biography, Drama, Thriller",R,Neil Jordan,,"29,305",$11.09M
Mad Max 2: The Road Warrior,77,7.6,96 min,"Action, Adventure, Sci-Fi",R,George Miller,,"165,196",$12.47M
Love and Death,89,7.7,85 min,"Comedy, War",PG,Woody Allen,,"35,711",
Blue Valentine,81,7.4,112 min,"Drama, Romance",R,Derek Cianfrance,,"182,722",$9.74M
Slap Shot,61,7.3,123 min,"Comedy, Drama, Sport",R,George Roy Hill,,"33,990",$28.00M
Gremlins 2: The New Batch,,6.4,106 min,"Comedy, Fantasy, Horror",PG-13,Joe Dante,,"92,120",$41.48M
Wall Street,,7.4,126 min,"Crime, Drama",R,Oliver Stone,,"142,386",$43.85M
Tommy,66,6.6,111 min,"Drama, Musical",PG,Ken Russell,,"19,125",$34.25M
Gomorrah,87,7,137 min,"Crime, Drama",Not Rated,Matteo Garrone,,"46,090",$1.58M
The King of Comedy,73,7.8,109 min,"Comedy, Crime, Drama",PG,Martin Scorsese,,"86,706",$2.50M
House of Games,78,7.3,102 min,"Crime, Thriller",R,David Mamet,,"20,500",$2.59M
The Tree of Life,85,6.8,139 min,"Drama, Fantasy",PG-13,Terrence Malick,,"166,849",$13.30M
Lethal Weapon,68,7.6,109 min,"Action, Crime, Thriller",R,Richard Donner,,"234,580",$65.21M
Midsommar,72,7.1,148 min,"Drama, Horror, Mystery",R,Ari Aster,,"192,129",$27.33M
Stranger Than Fiction,67,7.5,113 min,"Comedy, Drama, Fantasy",PG-13,Marc Forster,,"217,717",$40.14M
Into the Abyss,74,7.3,107 min,"Documentary, Crime, Drama",PG-13,Werner Herzog,,"15,736",$0.22M
The Mask,,6.9,101 min,"Action, Comedy, Crime",PG-13,Chuck Russell,,"343,402",$119.94M
The Muppets,75,7.1,103 min,"Adventure, Comedy, Family",PG,James Bobin,,"86,863",$88.63M
Gonzo,73,7.7,120 min,"Documentary, Biography, Music",R,Alex Gibney,,"7,524",$1.25M
Prometheus,64,7,124 min,"Adventure, Mystery, Sci-Fi",R,Ridley Scott,,"565,355",$126.48M
Blazing Saddles,73,7.7,93 min,"Comedy, Western",R,Mel Brooks,,"124,958",$119.50M
Win Win,75,7.1,106 min,"Comedy, Drama, Sport",R,Tom McCarthy,,"52,548",$10.18M
Dead Man Walking,80,7.5,122 min,"Crime, Drama",R,Tim Robbins,,"87,892",$39.39M
Infernal Affairs,75,8,101 min,"Action, Crime, Drama",R,Andrew Lau,,"117,239",$0.17M
The Way of the Gun,,6.7,119 min,"Action, Crime, Drama",R,Christopher McQuarrie,,"31,655",$6.06M
Lawrence of Arabia,100,8.3,228 min,"Adventure, Biography, Drama",Approved,David Lean,,"265,213",$44.82M
Brüno,,5.8,81 min,Comedy,R,Larry Charles,,"143,005",$60.05M
Redbelt,69,6.7,99 min,"Drama, Sport",R,David Mamet,,"20,259",$2.34M
Lethal Weapon 2,70,7.2,114 min,"Action, Crime, Thriller",R,Richard Donner,,"160,566",$147.25M
Atonement,85,7.8,123 min,"Drama, Mystery, Romance",R,Joe Wright,,"248,387",$50.93M
Lost Highway,,7.6,134 min,"Mystery, Thriller",R,David Lynch,,"129,629",$3.80M
Re-Animator,73,7.2,104 min,"Comedy, Horror, Sci-Fi",Unrated,Stuart Gordon,,"56,067",$2.02M
The Wizard of Oz,92,8,102 min,"Adventure, Family, Fantasy",PG,Victor Fleming,,"369,145",$2.08M
Iron Man,79,7.9,126 min,"Action, Adventure, Sci-Fi",PG-13,Jon Favreau,,"930,537",$318.41M
The Girl with the Dragon Tattoo,71,7.8,158 min,"Crime, Drama, Mystery",R,David Fincher,,"417,061",$102.52M
Incendies,80,8.3,131 min,"Drama, Mystery, War",R,Denis Villeneuve,,"146,814",$6.86M
The Intouchables,,8.5,112 min,"Biography, Comedy, Drama",R,Olivier Nakache,,"748,450",$13.18M
Mr. Smith Goes to Washington,73,8.1,129 min,"Comedy, Drama",Passed,Frank Capra,,"105,919",$9.60M
Celda 211,,7.6,113 min,"Action, Adventure, Crime",,Daniel Monzón,,"63,447",
The Guard,78,7.3,96 min,"Comedy, Crime, Thriller",R,John Michael McDonagh,,"80,290",$5.36M
Beauty and the Beast,95,8,84 min,"Animation, Family, Fantasy",G,Gary Trousdale,,"414,343",$218.97M
Pirates of the Caribbean: Dead Man's Chest,,7.3,151 min,"Action, Adventure, Fantasy",PG-13,Gore Verbinski,,"650,330",$423.32M
The Big Sleep,,7.9,114 min,"Crime, Film-Noir, Mystery",Not Rated,Howard Hawks,,"78,245",$6.54M
Star Wars: Episode VI - Return of the Jedi,,8.3,131 min,"Action, Adventure, Fantasy",PG,Richard Marquand,,"939,535",$309.13M
Easy A,72,7,92 min,"Comedy, Drama, Romance",PG-13,Will Gluck,,"355,991",$58.40M
Babel,69,7.4,143 min,Drama,R,Alejandro G. Iñárritu,,"287,609",$34.30M
The Maltese Falcon,96,8,100 min,"Film-Noir, Mystery",Not Rated,John Huston,,"147,898",$2.11M
In the Line of Fire,74,7.2,128 min,"Action, Crime, Drama",R,Wolfgang Petersen,,"91,577",$102.31M
Bringing Out the Dead,70,6.8,121 min,"Drama, Thriller",R,Martin Scorsese,,"63,292",$16.64M
White Heat,,8.1,114 min,"Action, Crime, Drama",Not Rated,Raoul Walsh,,"29,450",
Chasing Amy,71,7.2,113 min,"Comedy, Drama, Romance",R,Kevin Smith,,"131,614",$12.01M
Angela's Ashes,,7.3,145 min,Drama,R,Alan Parker,,"20,361",$13.04M
I'm Not There,73,6.9,135 min,"Biography, Drama, Music",R,Todd Haynes,,"56,229",$4.02M
Misery,75,7.8,107 min,"Drama, Thriller",R,Rob Reiner,,"182,443",$61.28M
The Thomas Crown Affair,72,6.8,113 min,"Crime, Romance, Thriller",R,John McTiernan,,"86,197",$69.30M
Who Framed Roger Rabbit,83,7.7,104 min,"Animation, Adventure, Comedy",PG,Robert Zemeckis,,"180,568",$156.45M
The Treasure of the Sierra Madre,98,8.2,126 min,"Adventure, Drama, Western",Passed,John Huston,,"113,185",$5.01M
Lost in Translation,89,7.7,102 min,"Comedy, Drama",R,Sofia Coppola,,"409,996",$44.59M
Primal Fear,,7.7,129 min,"Crime, Drama, Mystery",R,Gregory Hoblit,,"186,700",$56.12M
Mulholland Drive,85,8,147 min,"Drama, Mystery, Thriller",R,David Lynch,,"317,954",$7.22M
Walk the Line,72,7.8,136 min,"Biography, Drama, Music",PG-13,James Mangold,,"232,184",$119.52M
The China Syndrome,81,7.4,122 min,"Drama, Thriller",PG,James Bridges,,"26,877",$51.72M
Narc,70,7.1,105 min,"Crime, Drama, Mystery",R,Joe Carnahan,,"38,180",$10.46M
The Orphanage,74,7.4,105 min,"Drama, Fantasy, Horror",R,J.A. Bayona,,"146,007",$7.16M
Rust and Bone,73,7.5,120 min,"Drama, Romance",R,Jacques Audiard,,"63,332",$2.06M
Bridesmaids,75,6.8,125 min,"Comedy, Romance",R,Paul Feig,,"265,934",$169.11M
The 400 Blows,,8.1,99 min,"Crime, Drama",Not Rated,François Truffaut,,"103,824",
Hunger,82,7.6,96 min,"Biography, Drama",Not Rated,Steve McQueen,,"65,348",$0.15M
Koroshiya 1,,7,129 min,"Action, Comedy, Crime",R,Takashi Miike,,"51,956",$0.02M
The Dark Knight Rises,78,8.4,164 min,"Action, Adventure",PG-13,Christopher Nolan,,"1,500,515",$448.14M
X-Men,64,7.4,104 min,"Action, Adventure, Sci-Fi",PG-13,Bryan Singer,,"566,859",$157.30M
Filth,,7.1,97 min,"Comedy, Crime, Drama",R,Jon S. Baird,,"100,896",$0.03M
White Lightnin',,7.1,92 min,"Biography, Drama",Not Rated,Dominic Murphy,,"1,640",
Looper,84,7.4,113 min,"Action, Drama, Sci-Fi",R,Rian Johnson,,"530,951",$66.49M
La La Land,94,8,128 min,"Comedy, Drama, Music",PG-13,Damien Chazelle,,"497,083",$151.10M
Get Out,85,7.7,104 min,"Horror, Mystery, Thriller",R,Jordan Peele,,"484,408",$176.04M
Logan,77,8.1,137 min,"Action, Drama, Sci-Fi",R,James Mangold,,"638,865",$226.28M
American Gangster,76,7.8,157 min,"Biography, Crime, Drama",R,Ridley Scott,,"388,282",$130.16M
Interstellar,74,8.6,169 min,"Adventure, Drama, Sci-Fi",PG-13,Christopher Nolan,,"1,484,337",$188.02M
The American Friend,79,7.4,128 min,"Crime, Drama, Mystery",Not Rated,Wim Wenders,,"13,796",
Alan Partridge,66,6.9,90 min,"Action, Comedy, Crime",R,Declan Lowney,,"29,544",$0.15M
X-Men: First Class,65,7.7,131 min,"Action, Adventure, Sci-Fi",PG-13,Matthew Vaughn,,"641,746",$146.41M
Crash,,6.4,100 min,Drama,NC-17,David Cronenberg,,"51,463",$2.04M
Mona Lisa,85,7.3,104 min,"Crime, Drama, Romance",R,Neil Jordan,,"13,027",$5.79M
Pitch Black,,7.1,109 min,"Action, Horror, Sci-Fi",R,David Twohy,,"224,303",$39.24M
"Synecdoche, New York",67,7.6,124 min,Drama,R,Charlie Kaufman,,"82,053",$3.08M
Us,81,6.9,116 min,"Horror, Mystery, Thriller",R,Jordan Peele,,"220,212",$175.08M
The Town,74,7.5,125 min,"Crime, Drama, Thriller",R,Ben Affleck,,"349,150",$92.19M
Once in a Lifetime: The Extraordinary Story of the New York Cosmos,67,7.2,97 min,"Documentary, Sport",PG-13,Paul Crowder,,"1,427",$0.14M
Mission: Impossible III,66,6.9,126 min,"Action, Adventure, Thriller",PG-13,J.J. Abrams,,"327,794",$134.03M
On Her Majesty's Secret Service,61,6.7,142 min,"Action, Adventure, Thriller",PG,Peter R. Hunt,,"80,171",$22.80M
Ace Ventura: Pet Detective,,6.9,86 min,Comedy,PG-13,Tom Shadyac,,"275,164",$72.22M
Sherlock Holmes,,7.6,128 min,"Action, Adventure, Mystery",PG-13,Guy Ritchie,,"578,972",$209.03M
E.T. the Extra-Terrestrial,91,7.8,115 min,"Family, Sci-Fi",PG,Steven Spielberg,,"368,212",$435.11M
Nixon,66,7.1,192 min,"Biography, Drama, History",R,Oliver Stone,,"28,592",$13.56M
Star Wars: Episode III - Revenge of the Sith,68,7.5,140 min,"Action, Adventure, Fantasy",PG-13,George Lucas,,"703,046",$380.26M
Army of Darkness,,7.5,81 min,"Comedy, Fantasy, Horror",R,Sam Raimi,,"161,833",$11.50M
Manhunter,75,7.2,120 min,"Crime, Horror, Mystery",R,Michael Mann,,"65,313",$8.62M
Catfish,65,7.1,87 min,"Documentary, Drama, Mystery",PG-13,Henry Joost,,"40,771",$3.23M
Tootsie,88,7.4,116 min,"Comedy, Drama, Romance",PG,Sydney Pollack,,"97,071",$177.20M
Boyz n the Hood,76,7.8,112 min,"Crime, Drama",R,John Singleton,,"124,560",$57.50M
Do the Right Thing,93,8,120 min,"Comedy, Drama",R,Spike Lee,,"88,162",$27.55M
Crumb,93,8,119 min,"Documentary, Biography, Comedy",R,Terry Zwigoff,,"18,407",$3.17M
A Fish Called Wanda,80,7.5,108 min,"Comedy, Crime",R,Charles Crichton,,"130,786",$63.49M
To Live and Die in L.A.,81,7.3,116 min,"Action, Crime, Drama",R,William Friedkin,,"28,977",$17.31M
Superman II,83,6.8,127 min,"Action, Adventure, Sci-Fi",PG,Richard Lester,,"97,399",$108.19M
Confessions of a Dangerous Mind,67,7,113 min,"Biography, Comedy, Crime",R,George Clooney,,"83,114",$16.00M
Paper Moon,77,8.1,102 min,"Comedy, Crime, Drama",PG,Peter Bogdanovich,,"41,849",$30.93M
"Crouching Tiger, Hidden Dragon",94,7.8,120 min,"Action, Adventure, Fantasy",PG-13,Ang Lee,,"251,414",$128.08M
Angel Heart,61,7.3,113 min,"Horror, Mystery, Thriller",X,Alan Parker,,"79,803",$17.19M
Days of Wine and Roses,74,7.9,117 min,Drama,Approved,Blake Edwards,,"11,320",
You're Next,66,6.6,95 min,"Crime, Horror, Mystery",R,Adam Wingard,,"87,335",$18.47M
Bugsy Malone,71,6.9,93 min,"Comedy, Crime, Family",G,Alan Parker,,"16,051",$2.78M
Gattaca,64,7.8,106 min,"Drama, Sci-Fi, Thriller",PG-13,Andrew Niccol,,"278,687",$12.34M
Strange Days,66,7.2,145 min,"Action, Crime, Drama",R,Kathryn Bigelow,,"66,731",$7.92M
The Other Guys,64,6.6,107 min,"Action, Comedy, Crime",PG-13,Adam McKay,,"240,865",$119.22M
Mesrine: Public Enemy No. 1,72,7.5,133 min,"Action, Biography, Crime",R,Jean-François Richet,,"28,226",$0.28M
Biloxi Blues,61,6.6,106 min,"Comedy, Drama",PG-13,Mike Nichols,,"14,197",$43.18M
A Simple Plan,82,7.5,121 min,"Crime, Drama, Thriller",R,Sam Raimi,,"63,021",$16.31M
Sleepers,,7.6,147 min,"Crime, Drama, Thriller",R,Barry Levinson,,"185,350",$49.10M
Letters from Iwo Jima,89,7.9,141 min,"Action, Adventure, Drama",R,Clint Eastwood,,"153,218",$13.76M
Psycho,97,8.5,109 min,"Horror, Mystery, Thriller",R,Alfred Hitchcock,,"597,771",$32.00M
The Muppet Christmas Carol,64,7.7,85 min,"Comedy, Drama, Family",G,Brian Henson,,"47,177",$27.28M
How to Train Your Dragon,75,8.1,98 min,"Animation, Action, Adventure",PG,Dean DeBlois,,"659,815",$217.58M
The World Is Not Enough,,6.4,128 min,"Action, Adventure, Crime",PG-13,Michael Apted,,"186,988",$126.94M
Up in the Air,83,7.4,109 min,"Comedy, Drama, Romance",R,Jason Reitman,,"316,599",$83.82M
Avatar,83,7.8,162 min,"Action, Adventure, Fantasy",PG-13,James Cameron,,"1,110,863",$760.51M
Bug,62,6.1,102 min,"Drama, Horror, Thriller",R,William Friedkin,,"32,872",$7.01M
V for Vendetta,62,8.2,132 min,"Action, Drama, Sci-Fi",R,James McTeigue,,"1,023,194",$70.51M
His Girl Friday,,7.9,92 min,"Comedy, Drama, Romance",Passed,Howard Hawks,,"53,017",$0.30M
King of New York,66,7,103 min,"Crime, Thriller",R,Abel Ferrara,,"31,798",$2.55M
Adaptation.,83,7.7,115 min,"Comedy, Drama",R,Spike Jonze,,"176,926",$22.25M
The Butcher Boy,,7.1,110 min,"Comedy, Drama",R,Neil Jordan,,"9,119",$1.82M
Dead Man's Shoes,,7.6,90 min,"Crime, Drama, Thriller",Not Rated,Shane Meadows,,"49,034",$0.01M
Punch-Drunk Love,78,7.3,95 min,"Comedy, Drama, Romance",R,Paul Thomas Anderson,,"146,307",$17.84M
Master and Commander: The Far Side of the World,81,7.4,138 min,"Action, Adventure, Drama",PG-13,Peter Weir,,"200,438",$93.93M
Born on the Fourth of July,75,7.2,145 min,"Biography, Drama, War",R,Oliver Stone,,"97,624",$70.00M
Twin Peaks: Fire Walk with Me,,7.3,134 min,"Drama, Horror, Mystery",R,David Lynch,,"85,448",$4.16M
Irreversible,,7.4,97 min,"Crime, Drama, Mystery",Not Rated,Gaspar Noé,,"118,732",$0.75M
Ed Wood,70,7.8,127 min,"Biography, Comedy, Drama",R,Tim Burton,,"164,171",$5.89M
Night Watch,,6.4,114 min,"Action, Fantasy, Horror",R,Timur Bekmambetov,,"52,123",$1.49M
Bad Lieutenant,70,7.1,96 min,"Crime, Drama, Thriller",NC-17,Abel Ferrara,,"38,470",$2.00M
The Lincoln Lawyer,63,7.3,118 min,"Crime, Drama, Mystery",R,Brad Furman,,"212,619",$58.01M
Wanted,64,6.7,110 min,"Action, Crime, Thriller",R,Timur Bekmambetov,,"357,932",$134.51M
Brokeback Mountain,87,7.7,134 min,"Drama, Romance",R,Ang Lee,,"320,391",$83.04M
Near Dark,76,7,94 min,"Action, Crime, Drama",R,Kathryn Bigelow,,"33,572",$3.37M
The Wild Bunch,97,7.9,135 min,"Action, Adventure, Western",R,Sam Peckinpah,,"76,842",$12.06M
A Few Good Men,62,7.7,138 min,"Drama, Thriller",R,Rob Reiner,,"232,887",$141.34M
Enron: The Smartest Guys in the Room,,7.6,110 min,"Documentary, Biography, History",R,Alex Gibney,,"16,723",
Predator,,7.8,107 min,"Action, Adventure, Sci-Fi",R,John McTiernan,,"368,463",$59.74M
La Haine,,8.1,98 min,"Crime, Drama",Not Rated,Mathieu Kassovitz,,"147,827",$0.31M
The Matrix Reloaded,62,7.2,138 min,"Action, Sci-Fi",R,Lana Wachowski,,"511,158",$281.49M
The Revenant,76,8,156 min,"Action, Adventure, Drama",R,Alejandro G. Iñárritu,,"695,658",$183.64M
Deadpool,65,8,108 min,"Action, Adventure, Comedy",R,Tim Miller,,"893,395",$363.07M
Life Is Beautiful,,8.6,116 min,"Comedy, Drama, Romance",PG-13,Roberto Benigni,,"615,644",$57.60M
Anvil: The Story of Anvil,82,7.9,80 min,"Documentary, Biography, Drama",Not Rated,Sacha Gervasi,,"15,509",$0.67M
Eden Lake,65,6.8,91 min,"Horror, Thriller",R,James Watkins,,"76,208",$0.01M
The Last Seduction,85,7,110 min,"Crime, Drama, Romance",R,John Dahl,,"20,804",$6.14M
In America,76,7.7,105 min,Drama,PG-13,Jim Sheridan,,"40,276",$15.54M
Pinocchio,99,7.4,88 min,"Animation, Comedy, Family",G,Norman Ferguson,,"129,795",$84.25M
Splice,66,5.7,104 min,"Drama, Horror, Sci-Fi",R,Vincenzo Natali,,"93,233",$17.00M
Screen Two,,7.3,70 min,Drama,,Alan Clarke,,"3,097",
The Firm,,7.3,70 min,Drama,,Alan Clarke,,"3,097",
Blood Simple,82,7.6,99 min,"Crime, Drama, Thriller",R,Joel Coen,,"86,721",$2.15M
The Guest,76,6.7,100 min,"Action, Mystery, Thriller",R,Adam Wingard,,"90,562",$0.32M
Next Goal Wins,71,7.9,97 min,"Documentary, Sport",Not Rated,Mike Brett,,"2,377",$0.04M
Taxi,,7,86 min,"Action, Comedy, Crime",Not Rated,Gérard Pirès,,"76,316",$0.27M
Secretary,63,7,107 min,"Comedy, Drama, Romance",R,Steven Shainberg,,"82,679",$4.06M
Garden State,67,7.4,102 min,"Comedy, Drama, Romance",R,Zach Braff,,"206,004",$26.78M
Frost/Nixon,80,7.7,122 min,"Biography, Drama, History",R,Ron Howard,,"102,558",$18.59M
Tell No One,82,7.5,131 min,"Crime, Drama, Mystery",Not Rated,Guillaume Canet,,"50,324",$6.18M
22 Jump Street,71,7,112 min,"Action, Comedy, Crime",R,Phil Lord,,"342,936",$191.72M
21 Grams,70,7.6,124 min,"Crime, Drama, Thriller",R,Alejandro G. Iñárritu,,"223,059",$16.29M
Bugsy,80,6.8,136 min,"Biography, Crime, Drama",R,Barry Levinson,,"26,036",$49.11M
Local Hero,82,7.3,111 min,"Comedy, Drama",PG,Bill Forsyth,,"21,168",$5.90M
Annie Hall,92,8,93 min,"Comedy, Romance",PG,Woody Allen,,"250,331",$39.20M
Heathers,72,7.2,103 min,"Comedy, Crime",R,Michael Lehmann,,"87,650",$1.11M
Adventureland,76,6.8,107 min,"Comedy, Drama, Romance",R,Greg Mottola,,"151,568",$16.03M
The Conversation,85,7.8,113 min,"Drama, Mystery, Thriller",PG,Francis Ford Coppola,,"97,184",$4.42M
Watchmen,,7.6,162 min,"Action, Drama, Mystery",R,Zack Snyder,,"497,025",$107.51M
The Ghost Writer,77,7.2,128 min,"Crime, Drama, Mystery",PG-13,Roman Polanski,,"155,452",$15.54M
REC,69,7.4,78 min,"Action, Adventure, Fantasy",R,Jaume Balagueró,,"164,421",
Day Watch,,6.5,132 min,"Action, Fantasy, Horror",R,Timur Bekmambetov,,"33,201",$0.45M
Fish Tank,81,7.3,123 min,Drama,Not Rated,Andrea Arnold,,"58,501",$0.37M
Sling Blade,84,8,135 min,Drama,R,Billy Bob Thornton,,"86,335",$24.48M
When Harry Met Sally...,76,7.6,95 min,"Comedy, Drama, Romance",R,Rob Reiner,,"193,323",$92.82M
The Kid Stays in the Picture,75,7.3,93 min,"Documentary, Biography",R,Nanette Burstein,,"6,932",$1.43M
Ferris Bueller's Day Off,61,7.8,103 min,Comedy,PG-13,John Hughes,,"318,572",$70.14M
I Love You Phillip Morris,65,6.6,98 min,"Biography, Comedy, Crime",R,Glenn Ficarra,,"91,088",$2.04M
Rio Bravo,93,8,141 min,"Action, Drama, Western",Passed,Howard Hawks,,"55,669",$12.54M
Kind Hearts and Coronets,,8,106 min,"Comedy, Crime",Not Rated,Robert Hamer,,"34,155",
Choke,,6.4,92 min,"Comedy, Drama",R,Clark Gregg,,"31,409",$2.93M
The Conjuring,68,7.5,112 min,"Horror, Mystery, Thriller",R,James Wan,,"438,075",$137.40M
Body Heat,77,7.4,113 min,"Crime, Drama, Romance",R,Lawrence Kasdan,,"30,656",$24.06M
Mission: Impossible - Fallout,86,7.7,147 min,"Action, Adventure, Thriller",PG-13,Christopher McQuarrie,,"287,004",$220.16M
The Wind that Shakes the Barley,82,7.5,127 min,"Drama, War",Not Rated,Ken Loach,,"46,120",$1.83M
Cemetery Junction,,6.9,95 min,"Comedy, Drama",R,Ricky Gervais,,"19,711",
Before the Devil Knows You're Dead,85,7.3,117 min,"Crime, Drama, Thriller",R,Sidney Lumet,,"96,068",$7.08M
Sunset Blvd.,,8.4,110 min,"Drama, Film-Noir",Passed,Billy Wilder,,"199,365",
8 Mile,77,7.1,110 min,"Drama, Music",R,Curtis Hanson,,"247,633",$116.72M
The Incredibles,90,8,115 min,"Animation, Action, Adventure",PG,Brad Bird,,"650,522",$261.44M
The Hurt Locker,95,7.5,131 min,"Drama, Thriller, War",R,Kathryn Bigelow,,"418,126",$17.02M
Santa Sangre,,7.6,123 min,"Drama, Horror, Thriller",NC-17,Alejandro Jodorowsky,,"18,918",
Gangs of New York,72,7.5,167 min,"Crime, Drama",R,Martin Scorsese,,"401,696",$77.81M
Basic Instinct,,7,127 min,"Drama, Mystery, Thriller",R,Paul Verhoeven,,"175,119",$117.73M
Sing Street,79,7.9,106 min,"Comedy, Drama, Music",PG-13,John Carney,,"84,129",$3.24M
The Omen,62,7.5,111 min,Horror,R,Richard Donner,,"106,575",$4.27M
Winter's Bone,90,7.1,100 min,"Drama, Mystery",R,Debra Granik,,"135,022",$6.53M
The Avengers,69,8,143 min,"Action, Adventure, Sci-Fi",PG-13,Joss Whedon,,"1,251,584",$623.28M
Die Hard 2,67,7.2,124 min,"Action, Thriller",R,Renny Harlin,,"333,313",$117.54M
Affliction,79,7,114 min,"Drama, Mystery, Thriller",R,Paul Schrader,,"14,969",$6.30M
Invasion of the Body Snatchers,75,7.4,115 min,"Horror, Sci-Fi",PG,Philip Kaufman,,"52,664",$24.95M
American Pie 2,,6.4,108 min,Comedy,R,J.B. Rogers,,"238,489",$145.10M
Buffalo Soldiers,,6.8,98 min,"Comedy, Crime, Drama",R,Gregor Jordan,,"23,401",$0.35M
Wolf Creek,,6.2,99 min,"Crime, Horror, Thriller",R,Greg McLean,,"67,353",$16.19M
Four Lions,68,7.3,97 min,"Comedy, Crime, Drama",R,Christopher Morris,,"71,423",$0.30M
The Killer,82,7.8,111 min,"Action, Crime, Drama",R,John Woo,,"45,371",
Say Anything,85,7.3,100 min,"Comedy, Drama, Romance",PG-13,Cameron Crowe,,"82,203",$20.78M
The Insider,84,7.8,157 min,"Biography, Drama, Thriller",R,Michael Mann,,"158,625",$28.97M
Home Alone,63,7.6,103 min,"Comedy, Family",PG,Chris Columbus,,"461,963",$285.76M
Dances with Wolves,72,8,181 min,"Adventure, Drama, Western",PG-13,Kevin Costner,,"237,773",$184.21M
25th Hour,68,7.6,135 min,Drama,R,Spike Lee,,"168,939",$13.06M
Rosemary's Baby,96,8,137 min,"Drama, Horror",Approved,Roman Polanski,,"191,659",
Easy Rider,85,7.3,95 min,"Adventure, Drama",R,Dennis Hopper,,"99,070",$41.73M
Exit Through the Gift Shop,85,8,87 min,"Documentary, Comedy, Crime",R,Banksy,,"62,024",$3.29M
A.I. Artificial Intelligence,65,7.2,146 min,"Drama, Sci-Fi",PG-13,Steven Spielberg,,"288,560",$78.62M
Total Recall,,7.5,113 min,"Action, Sci-Fi, Thriller",R,Paul Verhoeven,,"299,611",$119.39M
Side Effects,75,7.1,106 min,"Crime, Drama, Mystery",R,Steven Soderbergh,,"179,064",$32.17M
Killer Joe,62,6.7,102 min,"Crime, Drama, Thriller",R,William Friedkin,,"72,429",$1.99M
The Queen of Versailles,80,7.1,100 min,Documentary,PG,Lauren Greenfield,,"12,489",$2.40M
Taxi to the Dark Side,82,7.4,106 min,"Documentary, Crime, History",R,Alex Gibney,,"14,845",$0.27M
Point Blank,86,7.3,92 min,"Crime, Drama, Thriller",Not Rated,John Boorman,,"18,243",
Back to the Future Part II,,7.8,108 min,"Adventure, Comedy, Sci-Fi",PG,Robert Zemeckis,,"476,181",$118.50M
Leaving Las Vegas,82,7.5,111 min,"Drama, Romance",R,Mike Figgis,,"113,704",$31.97M
Poltergeist,79,7.3,114 min,"Horror, Thriller",PG,Tobe Hooper,,"143,317",$76.61M
Tinker Tailor Soldier Spy,85,7,122 min,"Drama, Mystery, Thriller",R,Tomas Alfredson,,"185,616",$24.15M
The Searchers,94,7.9,119 min,"Adventure, Drama, Western",Passed,John Ford,,"79,513",
The Spectacular Now,82,7.1,95 min,"Comedy, Drama, Romance",R,James Ponsoldt,,"143,431",$6.85M
Deliverance,80,7.7,109 min,"Adventure, Drama, Thriller",R,John Boorman,,"98,035",$7.06M
From Russia with Love,84,7.4,115 min,"Action, Adventure, Thriller",PG,Terence Young,,"118,363",$24.80M
American Movie,84,7.9,107 min,"Documentary, Comedy",R,Chris Smith,,"16,630",$1.16M
Three Colors: Blue,85,7.9,94 min,"Drama, Music, Mystery",R,Krzysztof Kieslowski,,"88,181",$1.32M
"Monsters, Inc.",79,8,92 min,"Animation, Adventure, Comedy",G,Pete Docter,,"806,274",$289.92M
Life of Pi,79,7.9,127 min,"Adventure, Drama, Fantasy",PG,Ang Lee,,"575,861",$124.99M
Good Vibrations,,7.2,103 min,"Biography, Drama, Music",Not Rated,Lisa Barros D'Sa,,"4,755",
Revenge of the Nerds,,6.7,90 min,Comedy,R,Jeff Kanew,,"48,394",$40.90M
Blade Runner,84,8.1,117 min,"Action, Sci-Fi, Thriller",R,Ridley Scott,,"686,916",$32.87M
Captain America: The Winter Soldier,70,7.7,136 min,"Action, Adventure, Sci-Fi",PG-13,Anthony Russo,,"728,093",$259.77M
The Great Escape,86,8.2,172 min,"Adventure, Drama, History",Approved,John Sturges,,"222,465",$12.10M
The Last Waltz,88,8.2,117 min,"Documentary, Biography, Music",PG,Martin Scorsese,,"16,101",$0.32M
Scent of a Woman,,8,156 min,Drama,R,Martin Brest,,"259,467",$63.90M
Midnight Run,78,7.5,126 min,"Action, Comedy, Crime",R,Martin Brest,,"74,878",$38.41M
Thief,78,7.4,123 min,"Action, Crime, Drama",R,Michael Mann,,"24,993",$11.49M
The Elephant Man,78,8.1,124 min,"Biography, Drama",PG,David Lynch,,"217,706",
Rocky,70,8.1,120 min,"Drama, Sport",PG,John G. Avildsen,,"513,028",$117.24M
Vertigo,100,8.3,128 min,"Mystery, Romance, Thriller",PG,Alfred Hitchcock,,"360,023",$3.20M
El Topo,65,7.4,125 min,"Drama, Western",Not Rated,Alejandro Jodorowsky,,"25,371",$0.04M
Kill List,67,6.4,95 min,"Action, Crime, Horror",Not Rated,Ben Wheatley,,"36,222",$0.03M
The Dead Zone,69,7.2,103 min,"Drama, Horror, Sci-Fi",R,David Cronenberg,,"61,649",$20.77M
Mary and Max,,8.1,92 min,"Animation, Comedy, Drama",Not Rated,Adam Elliot,,"163,023",
Dr. No,78,7.2,110 min,"Action, Adventure, Thriller",PG,Terence Young,,"147,937",$16.07M
GoldenEye,65,7.2,130 min,"Action, Adventure, Thriller",PG-13,Martin Campbell,,"237,055",$106.60M
Zero Dark Thirty,95,7.4,157 min,"Drama, History, Thriller",R,Kathryn Bigelow,,"269,498",$95.72M
The World's End,81,7,109 min,"Comedy, Sci-Fi",R,Edgar Wright,,"257,764",$26.00M
Election,83,7.2,103 min,"Comedy, Drama, Romance",R,Alexander Payne,,"89,357",$14.88M
Escape from Alcatraz,76,7.6,112 min,"Action, Biography, Crime",PG,Don Siegel,,"119,790",$43.00M
A Man Escaped,,8.3,101 min,Drama,Not Rated,Robert Bresson,,"18,858",
The Cabin in the Woods,72,7,95 min,Horror,R,Drew Goddard,,"373,840",$42.07M
Silver Linings Playbook,81,7.7,122 min,"Comedy, Drama, Romance",R,David O. Russell,,"656,658",$132.09M
Rush,74,8.1,123 min,"Action, Biography, Drama",R,Ron Howard,,"428,486",$26.95M
Elf,64,6.9,97 min,"Adventure, Comedy, Family",PG,Jon Favreau,,"215,917",$173.40M
The Abyss,62,7.5,140 min,"Adventure, Drama, Mystery",PG-13,James Cameron,,"161,658",$54.46M
Gravity,96,7.7,91 min,"Drama, Sci-Fi, Thriller",PG-13,Alfonso Cuarón,,"763,115",$274.09M
Her,90,8,126 min,"Drama, Romance, Sci-Fi",R,Spike Jonze,,"533,463",$25.57M
Captain Phillips,82,7.8,134 min,"Adventure, Biography, Crime",PG-13,Paul Greengrass,,"416,879",$107.10M
Bound,61,7.3,109 min,"Crime, Romance, Thriller",R,Lana Wachowski,,"50,195",$3.80M
Half Nelson,85,7.2,106 min,Drama,R,Ryan Fleck,,"83,841",$2.69M
Munich,74,7.5,164 min,"Action, Drama, History",R,Steven Spielberg,,"210,733",$47.40M
Traffic,86,7.6,147 min,"Crime, Drama, Thriller",R,Steven Soderbergh,,"194,593",$124.12M
Nightcrawler,76,7.9,117 min,"Crime, Drama, Thriller",R,Dan Gilroy,,"458,408",$32.38M
X-Men: Days of Future Past,75,7.9,132 min,"Action, Adventure, Sci-Fi",PG-13,Bryan Singer,,"655,549",$233.92M
Mistaken for Strangers,72,7.3,75 min,"Documentary, Comedy, Music",Not Rated,Tom Berninger,,"4,301",$0.14M
Bad Lieutenant: Port of Call New Orleans,69,6.6,122 min,"Crime, Drama",R,Werner Herzog,,"73,800",$1.70M
A Bug's Life,77,7.2,95 min,"Animation, Adventure, Comedy",G,John Lasseter,,"264,232",$162.80M
Whiplash,88,8.5,106 min,"Drama, Music",R,Damien Chazelle,,"705,151",$13.09M
Shutter Island,63,8.2,138 min,"Mystery, Thriller",R,Martin Scorsese,,"1,114,508",$128.01M
Star Wars: Episode VII - The Force Awakens,80,7.9,138 min,"Action, Adventure, Sci-Fi",PG-13,J.J. Abrams,,"852,832",$936.66M
Hard Boiled,,7.8,128 min,"Action, Crime, Thriller",R,John Woo,,"46,382",
The Place Beyond the Pines,68,7.3,140 min,"Crime, Drama, Thriller",R,Derek Cianfrance,,"244,086",$21.38M
Happy Gilmore,,7,92 min,"Comedy, Sport",PG-13,Dennis Dugan,,"195,254",$38.62M
Kramer vs. Kramer,77,7.8,105 min,Drama,PG,Robert Benton,,"131,842",$106.26M
Wonder Boys,73,7.2,107 min,"Comedy, Drama",R,Curtis Hanson,,"60,920",$19.39M
War of the Worlds,73,6.5,116 min,"Adventure, Sci-Fi, Thriller",PG-13,Steven Spielberg,,"412,862",$234.28M
Four Weddings and a Funeral,81,7.1,117 min,"Comedy, Drama, Romance",R,Mike Newell,,"137,873",$52.70M
Rise of the Planet of the Apes,68,7.6,105 min,"Action, Drama, Sci-Fi",PG-13,Rupert Wyatt,,"493,467",$176.76M
Moneyball,87,7.6,133 min,"Biography, Drama, Sport",PG-13,Bennett Miller,,"364,174",$75.61M
Jackass Number Two,66,7,92 min,"Documentary, Action, Comedy",R,Jeff Tremaine,,"66,213",$72.78M
The Fighter,79,7.8,116 min,"Biography, Drama, Sport",R,David O. Russell,,"337,574",$93.62M
Mud,76,7.4,130 min,Drama,PG-13,Jeff Nichols,,"166,549",$21.59M
Jo Nesbø's Headhunters,72,7.5,96 min,"Action, Crime, Thriller",R,Morten Tyldum,,"96,286",$1.20M
This Is the End,67,6.6,107 min,Comedy,R,Evan Goldberg,,"381,421",$101.47M
Gone Girl,79,8.1,149 min,"Drama, Mystery, Thriller",R,David Fincher,,"847,777",$167.77M
Guardians of the Galaxy,76,8,121 min,"Action, Adventure, Comedy",PG-13,James Gunn,,"1,034,027",$333.18M
The Raid 2,71,8,150 min,"Action, Crime, Thriller",R,Gareth Evans,,"113,426",$2.63M
Mad Max: Fury Road,90,8.1,120 min,"Action, Adventure, Sci-Fi",R,George Miller,,"870,215",$154.06M
The Descent,71,7.2,99 min,"Adventure, Horror, Thriller",R,Neil Marshall,,"200,008",$26.02M
Patriots Day,69,7.4,133 min,"Action, Crime, Drama",R,Peter Berg,,"90,143",$31.89M
2001: A Space Odyssey,84,8.3,149 min,"Adventure, Sci-Fi",G,Stanley Kubrick,,"596,889",$56.95M
Insomnia,78,7.2,118 min,"Drama, Mystery, Thriller",R,Christopher Nolan,,"272,761",$67.36M
Capturing the Friedmans,90,7.7,107 min,"Documentary, Biography",Not Rated,Andrew Jarecki,,"23,875",$3.12M
The Curious Case of Benjamin Button,70,7.8,166 min,"Drama, Fantasy, Romance",PG-13,David Fincher,,"582,972",$127.51M
Batman,69,7.5,126 min,"Action, Adventure",PG-13,Tim Burton,,"335,826",$251.19M
Sleepy Hollow,65,7.3,105 min,"Fantasy, Horror, Mystery",R,Tim Burton,,"329,821",$101.07M
The Third Man,97,8.1,93 min,"Film-Noir, Mystery, Thriller",Approved,Carol Reed,,"157,306",$0.45M
Spider-Man 2,83,7.3,127 min,"Action, Adventure, Sci-Fi",PG-13,Sam Raimi,,"538,801",$373.59M
24 Hour Party People,85,7.3,117 min,"Biography, Comedy, Drama",R,Michael Winterbottom,,"32,995",$1.13M
The Blair Witch Project,81,6.5,81 min,"Horror, Mystery",R,Daniel Myrick,,"231,019",$140.54M
End of Watch,68,7.6,109 min,"Action, Crime, Drama",R,David Ayer,,"226,474",$41.00M
WALL·E,95,8.4,98 min,"Animation, Adventure, Family",G,Andrew Stanton,,"988,033",$223.81M
The Imposter,77,7.5,99 min,"Documentary, Biography, Crime",R,Bart Layton,,"44,941",$0.89M
Salvador,69,7.4,122 min,"Drama, History, Thriller",R,Oliver Stone,,"19,164",
X2: X-Men United,68,7.4,134 min,"Action, Adventure, Sci-Fi",PG-13,Bryan Singer,,"508,375",$214.95M
Spider-Man,73,7.3,121 min,"Action, Adventure, Sci-Fi",PG-13,Sam Raimi,,"682,183",$403.71M
North by Northwest,98,8.3,136 min,"Adventure, Mystery, Thriller",Approved,Alfred Hitchcock,,"296,094",$13.28M
Inside Man,76,7.6,129 min,"Crime, Drama, Mystery",R,Spike Lee,,"335,000",$88.51M
Face/Off,82,7.2,138 min,"Action, Crime, Sci-Fi",R,John Woo,,"346,837",$112.23M
The Lego Movie,83,7.7,100 min,"Animation, Action, Adventure",PG,Christopher Miller,,"321,975",$257.76M
Battle Royale,81,7.6,114 min,"Action, Adventure, Drama",Not Rated,Kinji Fukasaku,,"167,931",
Mission: Impossible - Ghost Protocol,73,7.4,132 min,"Action, Adventure, Thriller",PG-13,Brad Bird,,"454,079",$209.40M
Mission: Impossible,,7.1,110 min,"Action, Adventure, Thriller",PG-13,Brian De Palma,,"384,548",$180.98M
Collateral,71,7.5,120 min,"Crime, Drama, Thriller",R,Michael Mann,,"356,852",$101.01M
Edge of Tomorrow,71,7.9,113 min,"Action, Adventure, Sci-Fi",PG-13,Doug Liman,,"593,846",$100.21M
Snowpiercer,84,7.1,126 min,"Action, Drama, Sci-Fi",R,Bong Joon Ho,,"313,986",$4.56M
Blade,,7.1,120 min,"Action, Horror, Sci-Fi",R,Stephen Norrington,,"242,970",$70.09M
The Artist,89,7.9,100 min,"Comedy, Drama, Romance",PG-13,Michel Hazanavicius,,"229,209",$44.67M
The Crying Game,90,7.2,112 min,"Crime, Drama, Romance",R,Neil Jordan,,"50,698",$62.55M
Grizzly Man,87,7.8,103 min,"Documentary, Biography",R,Werner Herzog,,"52,734",$3.17M
Starship Troopers,,7.2,129 min,"Action, Adventure, Sci-Fi",R,Paul Verhoeven,,"267,391",$54.81M
Dig!,76,7.8,107 min,"Documentary, Music",R,Ondi Timoner,,"5,968",$0.13M
Caché,83,7.3,117 min,"Drama, Mystery, Thriller",R,Michael Haneke,,"72,955",$3.63M
Come and See,,8.3,142 min,"Drama, Thriller, War",Not Rated,Elem Klimov,,"57,189",
13 Assassins,84,7.6,141 min,"Action, Adventure, Drama",R,Takashi Miike,,"61,525",$0.80M
Gone Baby Gone,72,7.6,114 min,"Crime, Drama, Mystery",R,Ben Affleck,,"248,131",$20.30M
Rango,75,7.2,107 min,"Animation, Adventure, Comedy",PG,Gore Verbinski,,"234,123",$123.48M
Three Colors: White,88,7.6,92 min,"Comedy, Drama, Romance",R,Krzysztof Kieslowski,,"63,201",$1.46M
Murderball,87,7.7,88 min,"Documentary, Sport",R,Henry Alex Rubin,,"9,809",$1.52M
Dogville,,8,178 min,"Crime, Drama",R,Lars von Trier,,"136,679",$1.53M
Blow Out,86,7.4,108 min,"Crime, Drama, Mystery",R,Brian De Palma,,"43,945",$13.75M
Marley,82,8,144 min,"Documentary, Biography, Music",PG-13,Kevin Macdonald,,"13,130",$1.41M
American Splendor,90,7.4,101 min,"Biography, Comedy, Drama",R,Shari Springer Berman,,"47,423",$6.00M
Changeling,63,7.7,141 min,"Biography, Crime, Drama",R,Clint Eastwood,,"237,406",$35.74M
Braveheart,68,8.3,178 min,"Biography, Drama, History",R,Mel Gibson,,"951,231",$75.60M
The Fisher King,61,7.5,137 min,"Comedy, Drama, Fantasy",R,Terry Gilliam,,"78,732",$41.90M
Wild at Heart,,7.2,125 min,"Comedy, Crime, Drama",R,David Lynch,,"82,691",$14.56M
Control,78,7.7,122 min,"Biography, Drama, Music",R,Anton Corbijn,,"61,202",$0.87M
In the Loop,83,7.4,106 min,Comedy,Not Rated,Armando Iannucci,,"54,216",$2.38M
Cop Land,64,6.9,105 min,"Crime, Drama, Thriller",R,James Mangold,,"85,498",$44.89M
Oldboy,77,8.4,120 min,"Action, Drama, Mystery",R,Chan-wook Park,,"509,076",$0.71M
Black Swan,79,8,108 min,"Drama, Thriller",R,Darren Aronofsky,,"693,384",$106.95M
Memories of Murder,82,8.1,132 min,"Action, Crime, Drama",Not Rated,Bong Joon Ho,,"134,604",$0.01M
Willy Wonka & the Chocolate Factory,67,7.8,100 min,"Family, Fantasy, Musical",G,Mel Stuart,,"176,644",$4.00M
Argo,86,7.7,120 min,"Biography, Drama, Thriller",R,Ben Affleck,,"568,185",$136.03M
Dawn of the Planet of the Apes,79,7.6,130 min,"Action, Adventure, Drama",PG-13,Matt Reeves,,"409,465",$208.55M
The Taking of Pelham One Two Three,68,7.7,104 min,"Action, Crime, Thriller",R,Joseph Sargent,,"26,291",
50/50,72,7.6,100 min,"Comedy, Drama, Romance",R,Jonathan Levine,,"313,926",$35.01M
Notting Hill,68,7.1,124 min,"Comedy, Drama, Romance",PG-13,Roger Michell,,"270,393",$116.09M
The Grand Budapest Hotel,88,8.1,99 min,"Adventure, Comedy, Crime",R,Wes Anderson,,"698,063",$59.10M
The Proposition,73,7.3,104 min,"Crime, Drama, Western",R,John Hillcoat,,"49,985",$1.90M
Bernie,75,6.8,104 min,"Biography, Comedy, Crime",PG-13,Richard Linklater,,"56,790",$9.20M
The Aviator,77,7.5,170 min,"Biography, Drama",PG-13,Martin Scorsese,,"330,966",$102.61M
Knuckle,65,6.8,97 min,"Documentary, Biography, Drama",R,Ian Palmer,,"2,697",$0.00M
Paths of Glory,90,8.4,88 min,"Drama, War",Approved,Stanley Kubrick,,"175,921",
A Hard Day's Night,96,7.6,87 min,"Comedy, Music, Musical",G,Richard Lester,,"39,957",$13.78M
Holy Motors,84,7.1,115 min,"Drama, Fantasy",Not Rated,Leos Carax,,"41,163",
Moonrise Kingdom,84,7.8,94 min,"Comedy, Drama, Romance",PG-13,Wes Anderson,,"315,735",$45.51M
Capitalism: A Love Story,61,7.4,127 min,"Documentary, Crime, History",R,Michael Moore,,"41,012",$14.36M
Galaxy Quest,70,7.3,102 min,"Adventure, Comedy, Sci-Fi",PG,Dean Parisot,,"147,944",$71.58M
A Room for Romeo Brass,65,7.6,90 min,"Comedy, Drama",R,Shane Meadows,,"5,386",$0.02M
Big,73,7.3,104 min,"Comedy, Drama, Fantasy",PG,Penny Marshall,,"196,384",$114.97M
Mesrine: Killer Instinct,71,7.5,113 min,"Action, Biography, Crime",R,Jean-François Richet,,"31,911",$0.55M
Performance,,6.9,105 min,"Crime, Drama",R,Donald Cammell,,"9,472",$0.19M
Michael Clayton,82,7.2,119 min,"Crime, Drama, Mystery",R,Tony Gilroy,,"155,506",$49.03M
The Fifth Element,,7.7,126 min,"Action, Adventure, Sci-Fi",PG-13,Luc Besson,,"430,338",$63.54M
Shaun of the Dead,76,7.9,99 min,"Comedy, Horror",R,Edgar Wright,,"508,183",$13.54M
The Spy Who Loved Me,,7.1,125 min,"Action, Adventure, Thriller",PG,Lewis Gilbert,,"97,561",$46.80M
A Monster Calls,76,7.5,108 min,"Adventure, Drama, Family",PG-13,J.A. Bayona,,"80,015",$3.73M
"I, Tonya",77,7.5,119 min,"Biography, Comedy, Drama",R,Craig Gillespie,,"178,226",$30.01M
The Secret in Their Eyes,80,8.2,129 min,"Drama, Mystery, Romance",R,Juan José Campanella,,"190,860",$6.39M
Broadcast News,84,7.2,133 min,"Comedy, Drama, Romance",R,James L. Brooks,,"26,794",$51.25M
The Goonies,62,7.8,114 min,"Adventure, Comedy, Family",PG,Richard Donner,,"241,816",$61.50M
Rebel Without a Cause,89,7.7,111 min,Drama,PG-13,Nicholas Ray,,"82,589",
Training Day,69,7.7,122 min,"Crime, Drama, Thriller",R,Antoine Fuqua,,"386,126",$76.63M
Coco,81,8.4,105 min,"Animation, Adventure, Family",PG,Lee Unkrich,,"367,732",$209.73M
Avengers: Infinity War,68,8.4,149 min,"Action, Adventure, Sci-Fi",PG-13,Anthony Russo,,"816,697",$678.82M
Star Trek,82,7.9,127 min,"Action, Adventure, Sci-Fi",PG-13,J.J. Abrams,,"574,781",$257.73M
Senna,79,8.5,106 min,"Documentary, Biography, Sport",PG-13,Asif Kapadia,,"63,459",$1.61M
The Raid: Redemption,73,7.6,101 min,"Action, Thriller",R,Gareth Evans,,"189,145",$4.11M
Brick,72,7.3,110 min,"Action, Crime, Drama",R,Rian Johnson,,"100,504",$2.06M
The Lives of Others,89,8.4,137 min,"Drama, Mystery, Thriller",R,Florian Henckel von Donnersmarck,,"354,796",$11.29M
When We Were Kings,83,8,88 min,"Documentary, Sport",PG,Leon Gast,,"15,111",$2.67M
Groundhog Day,72,8,101 min,"Comedy, Fantasy, Romance",PG,Harold Ramis,,"574,021",$70.91M
All the President's Men,84,8,138 min,"Biography, Drama, History",PG,Alan J. Pakula,,"101,546",$70.60M
A Quiet Place,82,7.5,90 min,"Drama, Horror, Sci-Fi",PG-13,John Krasinski,,"401,629",$188.02M
Unbreakable,62,7.3,106 min,"Drama, Mystery, Sci-Fi",PG-13,M. Night Shyamalan,,"384,080",$95.01M
Pan's Labyrinth,98,8.2,118 min,"Drama, Fantasy, War",R,Guillermo del Toro,,"613,575",$37.63M
Hugo,83,7.5,126 min,"Drama, Family, Fantasy",PG,Martin Scorsese,,"302,633",$73.86M
Sunshine,64,7.2,107 min,"Sci-Fi, Thriller",R,Danny Boyle,,"231,641",$3.68M
The King of Kong: A Fistful of Quarters,83,8.1,79 min,"Documentary, Biography, Sport",PG-13,Seth Gordon,,"34,581",$0.68M
The People vs. Larry Flynt,79,7.3,130 min,"Biography, Drama",R,Milos Forman,,"87,429",$20.19M
Superbad,76,7.6,113 min,Comedy,R,Greg Mottola,,"516,456",$121.46M
Serenity,74,7.8,119 min,"Action, Adventure, Sci-Fi",PG-13,Joss Whedon,,"281,852",$25.51M
Night of the Living Dead,89,7.9,96 min,"Horror, Thriller",Not Rated,George A. Romero,,"115,677",$0.09M
Austin Powers: International Man of Mystery,,7,89 min,"Adventure, Comedy",PG-13,Jay Roach,,"219,688",$53.88M
28 Weeks Later,78,7,100 min,"Action, Horror, Sci-Fi",R,Juan Carlos Fresnadillo,,"257,171",$28.64M
The Thin Blue Line,79,8,101 min,"Documentary, Crime",Not Rated,Errol Morris,,"21,423",$1.21M
Dog Soldiers,,6.8,105 min,"Action, Horror, Thriller",R,Neil Marshall,,"55,125",
Dead Poets Society,79,8.1,128 min,"Comedy, Drama",PG,Peter Weir,,"418,833",$95.86M
Get Shorty,82,6.9,105 min,"Comedy, Crime, Thriller",R,Barry Sonnenfeld,,"75,187",$72.08M
Bad Santa,70,7,92 min,"Comedy, Crime, Drama",R,Terry Zwigoff,,"132,836",$60.06M
Ghostbusters,71,7.8,105 min,"Action, Comedy, Fantasy",PG,Ivan Reitman,,"352,189",$238.63M
Donnie Brasco,76,7.7,127 min,"Biography, Crime, Drama",R,Mike Newell,,"276,090",$41.91M
Top Gun,,6.9,110 min,"Action, Drama",PG,Tony Scott,,"291,972",$179.80M
500 Days of Summer,76,7.7,95 min,"Comedy, Drama, Romance",PG-13,Marc Webb,,"468,841",$32.39M
Chopper,65,7.2,94 min,"Biography, Crime, Drama",R,Andrew Dominik,,"35,992",$0.23M
The Breakfast Club,66,7.8,97 min,"Comedy, Drama",R,John Hughes,,"353,992",$45.88M
Grosse Pointe Blank,76,7.3,107 min,"Action, Comedy, Crime",R,George Armitage,,"87,225",$28.01M
John Wick: Chapter 3 - Parabellum,73,7.4,130 min,"Action, Crime, Thriller",R,Chad Stahelski,,"267,863",$171.02M
The Dirty Dozen,73,7.7,150 min,"Action, Adventure, War",Not Rated,Robert Aldrich,,"66,654",$45.30M
To Kill a Mockingbird,88,8.2,129 min,"Crime, Drama",Approved,Robert Mulligan,,"291,710",
Harold and Maude,62,7.9,91 min,"Comedy, Drama, Romance",PG,Hal Ashby,,"70,255",
Waltz with Bashir,91,8,90 min,"Documentary, Animation, Biography",R,Ari Folman,,"54,779",$2.28M
Shame,72,7.2,101 min,Drama,NC-17,Steve McQueen,,"181,818",$4.00M
Kill Bill: Vol. 2,83,8,137 min,"Action, Crime, Thriller",R,Quentin Tarantino,,"677,172",$66.21M
Pirates of the Caribbean: The Curse of the Black Pearl,63,8,143 min,"Action, Adventure, Fantasy",PG-13,Gore Verbinski,,"1,008,926",$305.41M
Bottle Rocket,66,7,91 min,"Comedy, Crime, Drama",R,Wes Anderson,,"69,225",$0.56M
Star Wars: Episode V - The Empire Strikes Back,82,8.7,124 min,"Action, Adventure, Fantasy",PG,Irvin Kershner,,"1,146,236",$290.48M
Jackass: The Movie,,6.6,87 min,"Documentary, Action, Comedy",R,Jeff Tremaine,,"81,036",$64.26M
Point Break,,7.3,122 min,"Action, Crime, Thriller",R,Kathryn Bigelow,,"156,230",$43.22M
The Squid and the Whale,82,7.3,81 min,"Comedy, Drama",R,Noah Baumbach,,"77,901",$7.36M
Network,83,8.1,121 min,Drama,R,Sidney Lumet,,"143,707",
The Irishman,94,7.9,209 min,"Biography, Crime, Drama",R,Martin Scorsese,,"315,503",$7.00M
Once Upon a Time in the West,80,8.5,165 min,Western,PG-13,Sergio Leone,,"299,745",$5.32M
RoboCop,67,7.5,102 min,"Action, Crime, Sci-Fi",R,Paul Verhoeven,,"231,048",$53.42M
Bonnie and Clyde,86,7.8,111 min,"Action, Biography, Crime",R,Arthur Penn,,"101,366",
"South Park: Bigger, Longer & Uncut",73,7.7,81 min,"Animation, Comedy, Fantasy",R,Trey Parker,,"191,232",$52.04M
The Texas Chain Saw Massacre,78,7.5,83 min,Horror,R,Tobe Hooper,,"136,194",$30.86M
Dodgeball,,6.7,92 min,"Comedy, Sport",PG-13,Rawson Marshall Thurber,,"227,659",$114.33M
The Skin I Live In,70,7.6,120 min,"Drama, Horror, Thriller",R,Pedro Almodóvar,,"137,295",$3.19M
Ruby Sparks,67,7.2,104 min,"Comedy, Drama, Fantasy",R,Jonathan Dayton,,"95,184",$2.54M
Layer Cake,73,7.3,105 min,"Action, Crime, Drama",R,Matthew Vaughn,,"165,416",$2.34M
Rounders,,7.3,121 min,"Crime, Drama",R,John Dahl,,"141,623",$22.91M
Superman,80,7.3,143 min,"Action, Adventure, Drama",PG,Richard Donner,,"157,947",$134.22M
Day of the Dead,,7.2,96 min,"Horror, Thriller",Not Rated,George A. Romero,,"62,884",$5.80M
Marathon Man,64,7.4,125 min,"Crime, Thriller",R,John Schlesinger,,"57,707",$21.71M
Midnight Cowboy,79,7.8,113 min,Drama,R,John Schlesinger,,"100,021",$44.79M
Monty Python's Life of Brian,77,8.1,94 min,Comedy,R,Terry Jones,,"363,819",$20.05M
Raising Arizona,68,7.3,94 min,"Comedy, Crime",PG-13,Joel Coen,,"125,821",$22.85M
Moon,67,7.9,97 min,"Drama, Mystery, Sci-Fi",R,Duncan Jones,,"332,888",$5.01M
Clerks,70,7.7,92 min,Comedy,R,Kevin Smith,,"210,558",$3.15M
Drag Me to Hell,83,6.5,99 min,"Horror, Thriller",PG-13,Sam Raimi,,"187,019",$42.10M
Brazil,84,7.9,132 min,"Drama, Sci-Fi",R,Terry Gilliam,,"186,265",$9.93M
The Bourne Supremacy,73,7.7,108 min,"Action, Mystery, Thriller",PG-13,Paul Greengrass,,"431,531",$176.24M
Three Colors: Red,100,8.1,99 min,"Drama, Mystery, Romance",R,Krzysztof Kieslowski,,"89,412",$4.04M
A History of Violence,81,7.4,96 min,"Drama, Thriller",R,David Cronenberg,,"222,420",$31.49M
The Hangover,73,7.7,100 min,Comedy,R,Todd Phillips,,"712,336",$277.32M
Scott Pilgrim vs. the World,69,7.5,112 min,"Action, Comedy, Fantasy",PG-13,Edgar Wright,,"374,534",$31.49M
The Producers,96,7.6,88 min,"Comedy, Music",PG,Mel Brooks,,"49,606",$0.11M
Animal Kingdom,83,7.3,113 min,"Crime, Drama",R,David Michôd,,"54,404",$1.04M
The Hudsucker Proxy,,7.2,111 min,"Comedy, Drama, Fantasy",PG,Joel Coen,,"76,464",$2.87M
Jerry Maguire,77,7.3,139 min,"Comedy, Drama, Romance",R,Cameron Crowe,,"241,025",$153.95M
Speed,78,7.2,116 min,"Action, Adventure, Thriller",R,Jan de Bont,,"325,707",$121.25M
True Grit,80,7.6,110 min,"Drama, Western",PG-13,Ethan Coen,,"308,752",$171.24M
Cool Hand Luke,92,8.1,127 min,"Crime, Drama",GP,Stuart Rosenberg,,"160,189",$16.22M
Zombieland,73,7.6,88 min,"Adventure, Comedy, Fantasy",R,Ruben Fleischer,,"516,321",$75.59M
American: The Bill Hicks Story,,7.8,102 min,"Documentary, Animation, Biography",Not Rated,Matt Harlock,,"4,753",$0.09M
Crash,66,7.7,112 min,"Crime, Drama, Thriller",R,Paul Haggis,,"417,520",$54.58M
The Graduate,83,8,106 min,"Comedy, Drama, Romance",PG,Mike Nichols,,"251,977",$104.95M
A Bronx Tale,80,7.8,121 min,"Crime, Drama, Romance",R,Robert De Niro,,"126,831",$17.27M
Let the Right One In,82,7.9,114 min,"Crime, Drama, Fantasy",R,Tomas Alfredson,,"204,568",$2.12M
As Good as It Gets,67,7.7,139 min,"Comedy, Drama, Romance",PG-13,James L. Brooks,,"272,975",$148.48M
Das Boot,86,8.3,149 min,"Adventure, Drama, Thriller",R,Wolfgang Petersen,,"229,602",$11.49M
A Serious Man,84,7,106 min,"Comedy, Drama",R,Ethan Coen,,"132,637",$9.19M
The Fly,79,7.6,96 min,"Drama, Horror, Sci-Fi",R,David Cronenberg,,"158,299",$40.46M
The Wrestler,80,7.9,109 min,"Drama, Sport",R,Darren Aronofsky,,"288,027",$26.24M
Titanic,75,7.8,194 min,"Drama, Romance",PG-13,James Cameron,,"1,035,389",$659.33M
Finding Nemo,90,8.1,100 min,"Animation, Adventure, Comedy",G,Andrew Stanton,,"939,773",$380.84M
The Fugitive,87,7.8,130 min,"Action, Crime, Drama",PG-13,Andrew Davis,,"265,046",$183.88M
Star Wars: Episode IV - A New Hope,90,8.6,121 min,"Action, Adventure, Fantasy",PG,George Lucas,,"1,218,074",$322.74M
The Hustler,90,8,134 min,"Drama, Sport",Not Rated,Robert Rossen,,"74,612",$8.28M
A Fistful of Dollars,65,8,99 min,"Action, Drama, Western",R,Sergio Leone,,"196,017",$14.50M
Don't Look Now,96,7.2,110 min,"Drama, Mystery, Thriller",R,Nicolas Roeg,,"49,299",$0.98M
Fantastic Mr. Fox,83,7.9,87 min,"Animation, Adventure, Comedy",PG,Wes Anderson,,"196,229",$21.00M
The Mist,,7.1,126 min,"Horror, Sci-Fi, Thriller",R,Frank Darabont,,"279,247",$25.59M
Field of Dreams,,7.5,107 min,"Drama, Family, Fantasy",PG,Phil Alden Robinson,,"107,229",$64.43M
The Lord of the Rings: The Two Towers,87,8.7,179 min,"Action, Adventure, Drama",PG-13,Peter Jackson,,"1,468,666",$342.55M
Inception,74,8.8,148 min,"Action, Adventure, Sci-Fi",PG-13,Christopher Nolan,,"2,038,856",$292.58M
JFK,72,8,189 min,"Drama, History, Thriller",R,Oliver Stone,,"140,678",$70.41M
King Kong,81,7.2,187 min,"Action, Adventure, Drama",PG-13,Peter Jackson,,"387,727",$218.08M
The Terminator,84,8,107 min,"Action, Sci-Fi",R,James Cameron,,"794,175",$38.40M
The Lord of the Rings: The Fellowship of the Ring,92,8.8,178 min,"Action, Adventure, Drama",PG-13,Peter Jackson,,"1,640,803",$315.54M
Kill Bill: Vol. 1,69,8.1,111 min,"Action, Crime, Thriller",R,Quentin Tarantino,,"990,212",$70.10M
The Silence of the Lambs,85,8.6,118 min,"Crime, Drama, Thriller",R,Jonathan Demme,,"1,255,006",$130.74M
The Color of Money,77,7,119 min,"Drama, Sport",R,Martin Scorsese,,"74,051",$52.29M
This Is England,86,7.7,101 min,"Crime, Drama",Not Rated,Shane Meadows,,"115,017",$0.33M
It's a Wonderful Life,89,8.6,130 min,"Drama, Family, Fantasy",PG,Frank Capra,,"393,668",
Children of Men,84,7.9,109 min,"Adventure, Drama, Sci-Fi",R,Alfonso Cuarón,,"461,803",$35.55M
In the Name of the Father,84,8.1,133 min,"Biography, Crime, Drama",R,Jim Sheridan,,"155,200",$25.01M
American History X,62,8.5,119 min,Drama,R,Tony Kaye,,"1,025,652",$6.72M
12 Monkeys,74,8,129 min,"Mystery, Sci-Fi, Thriller",R,Terry Gilliam,,"573,529",$57.14M
Dog Day Afternoon,86,8,125 min,"Biography, Crime, Drama",R,Sidney Lumet,,"233,615",$50.00M
The Untouchables,79,7.9,119 min,"Crime, Drama, Thriller",R,Brian De Palma,,"278,286",$76.27M
Close Encounters of the Third Kind,90,7.6,138 min,"Drama, Sci-Fi",PG,Steven Spielberg,,"183,004",$132.09M
"The Good, the Bad and the Ugly",90,8.8,178 min,Western,R,Sergio Leone,,"681,456",$6.10M
Glengarry Glen Ross,82,7.7,100 min,"Crime, Drama, Mystery",R,James Foley,,"95,012",$10.73M
The Wolf of Wall Street,75,8.2,180 min,"Biography, Crime, Drama",R,Martin Scorsese,,"1,164,135",$116.90M
Road to Perdition,72,7.7,117 min,"Crime, Drama, Thriller",R,Sam Mendes,,"244,589",$104.45M
Up,88,8.2,96 min,"Animation, Adventure, Comedy",PG,Pete Docter,,"924,325",$293.00M
Natural Born Killers,74,7.3,118 min,"Action, Crime, Drama",R,Oliver Stone,,"214,915",$50.28M
Out of Sight,85,7,123 min,"Comedy, Crime, Drama",R,Steven Soderbergh,,"84,997",$37.56M
The Bourne Identity,68,7.9,119 min,"Action, Mystery, Thriller",PG-13,Doug Liman,,"504,560",$121.66M
An American Werewolf in London,,7.5,97 min,"Comedy, Horror",R,John Landis,,"91,908",$30.57M
United 93,90,7.5,111 min,"Action, Drama, History",R,Paul Greengrass,,"97,921",$31.57M
Full Metal Jacket,76,8.3,116 min,"Drama, War",R,Stanley Kubrick,,"668,120",$46.36M
The General,81,7.3,124 min,"Biography, Crime, Drama",R,John Boorman,,"8,103",$1.21M
The Deer Hunter,86,8.1,183 min,"Drama, War",R,Michael Cimino,,"308,381",$48.98M
Interview with the Vampire: The Vampire Chronicles,,7.5,123 min,"Drama, Horror",R,Neil Jordan,,"292,886",$105.26M
Things to Do in Denver When You're Dead,,6.8,115 min,"Crime, Drama, Thriller",R,Gary Fleder,,"25,944",$0.53M
Little Miss Sunshine,80,7.8,101 min,"Comedy, Drama",R,Jonathan Dayton,,"436,366",$59.89M
Carlito's Way,65,7.9,144 min,"Crime, Drama, Thriller",R,Brian De Palma,,"199,106",$36.95M
Casino Royale,80,8,144 min,"Action, Adventure, Thriller",PG-13,Martin Campbell,,"577,244",$167.45M
Dirty Harry,90,7.7,102 min,"Action, Crime, Thriller",R,Don Siegel,,"142,090",$35.90M
Gremlins,70,7.3,106 min,"Comedy, Fantasy, Horror",PG,Joe Dante,,"195,354",$148.17M
Butch Cassidy and the Sundance Kid,66,8,110 min,"Biography, Crime, Drama",PG,George Roy Hill,,"200,643",$102.31M
Ocean's Eleven,74,7.7,116 min,"Crime, Thriller",PG-13,Steven Soderbergh,,"511,296",$183.42M
Amores Perros,83,8.1,154 min,"Drama, Thriller",R,Alejandro G. Iñárritu,,"221,725",$5.38M
Borat: Cultural Learnings of America for Make Benefit Glorious Nation of Kazakhstan,89,7.3,84 min,Comedy,R,Larry Charles,,"373,704",$128.51M
Austin Powers: The Spy Who Shagged Me,,6.6,95 min,"Action, Adventure, Comedy",PG-13,Jay Roach,,"215,282",$206.04M
Batman Returns,68,7,126 min,"Action, Crime, Fantasy",PG-13,Tim Burton,,"272,063",$162.83M
The Virgin Suicides,76,7.2,97 min,"Drama, Romance",R,Sofia Coppola,,"143,230",$4.86M
28 Days Later...,73,7.6,113 min,"Drama, Horror, Sci-Fi",R,Danny Boyle,,"373,948",$45.06M
The Life Aquatic with Steve Zissou,62,7.3,119 min,"Action, Adventure, Comedy",R,Wes Anderson,,"178,306",$24.01M
Requiem for a Dream,68,8.3,102 min,Drama,R,Darren Aronofsky,,"758,886",$3.64M
The Italian Job,70,7.3,99 min,"Action, Comedy, Crime",G,Peter Collinson,,"41,301",
Get Carter,,7.4,112 min,"Action, Crime, Thriller",R,Mike Hodges,,"28,515",$0.39M
The Rules of Attraction,,6.7,110 min,"Comedy, Drama, Romance",R,Roger Avary,,"49,230",$6.53M
Zodiac,78,7.7,157 min,"Crime, Drama, Mystery",R,David Fincher,,"456,786",$33.08M
Hot Fuzz,81,7.8,121 min,"Action, Comedy, Mystery",R,Edgar Wright,,"459,554",$23.64M
"O Brother, Where Art Thou?",69,7.7,107 min,"Adventure, Comedy, Crime",PG-13,Joel Coen,,"282,703",$45.51M
Dead Alive,,7.5,104 min,"Comedy, Fantasy, Horror",R,Peter Jackson,,"90,931",$0.24M
Dumb and Dumber,,7.3,107 min,Comedy,PG-13,Peter Farrelly,,"350,558",$127.18M
The Jungle Book,65,7.6,78 min,"Animation, Adventure, Family",G,Wolfgang Reitherman,,"164,638",$141.84M
The Bourne Ultimatum,85,8,115 min,"Action, Mystery, Thriller",PG-13,Paul Greengrass,,"601,533",$227.47M
Shallow Grave,67,7.3,89 min,"Crime, Thriller",R,Danny Boyle,,"56,519",$2.88M
From Dusk Till Dawn,,7.2,108 min,"Action, Crime, Horror",R,Robert Rodriguez,,"284,433",$25.75M
Gone with the Wind,97,8.1,238 min,"Drama, History, Romance",Passed,Victor Fleming,,"287,294",$198.68M
American Pie,,7,95 min,Comedy,R,Paul Weitz,,"373,565",$102.56M
Slumdog Millionaire,84,8,120 min,"Drama, Romance",R,Danny Boyle,,"793,004",$141.32M
On the Waterfront,91,8.1,108 min,"Crime, Drama, Thriller",Approved,Elia Kazan,,"140,631",$9.60M
Snatch,,8.3,102 min,"Comedy, Crime",R,Guy Ritchie,,"774,823",$30.33M
The Naked Gun: From the Files of Police Squad!,76,7.6,85 min,"Comedy, Crime",PG-13,David Zucker,,"150,968",$78.76M
National Lampoon's Animal House,79,7.5,109 min,Comedy,R,John Landis,,"111,082",$0.20M
Three Kings,82,7.1,114 min,"Action, Adventure, Comedy",R,David O. Russell,,"159,327",$60.65M
In Bruges,67,7.9,107 min,"Comedy, Crime, Drama",R,Martin McDonagh,,"387,521",$7.76M
Toy Story 3,92,8.3,103 min,"Animation, Adventure, Comedy",G,Lee Unkrich,,"749,316",$415.00M
Cloverfield,64,7,85 min,"Action, Horror, Sci-Fi",PG-13,Matt Reeves,,"370,682",$80.05M
Dawn of the Dead,71,7.9,127 min,"Action, Adventure, Horror",Unrated,George A. Romero,,"110,827",$5.10M
Quiz Show,92,7.5,133 min,"Biography, Drama, History",PG-13,Robert Redford,,"64,228",$24.82M
A Bittersweet Life,,7.6,119 min,"Action, Crime, Drama",Not Rated,Jee-woon Kim,,"35,970",
The Sixth Sense,64,8.1,107 min,"Drama, Mystery, Thriller",PG-13,M. Night Shyamalan,,"904,098",$293.51M
The Long Good Friday,,7.6,114 min,"Crime, Drama, Mystery",R,John Mackenzie,,"18,957",
Juno,81,7.4,96 min,"Comedy, Drama",PG-13,Jason Reitman,,"487,476",$143.50M
Planet of the Apes,79,8,112 min,"Adventure, Sci-Fi",G,Franklin J. Schaffner,,"164,270",$33.40M
Kiss Kiss Bang Bang,72,7.5,103 min,"Comedy, Crime, Mystery",R,Shane Black,,"213,352",$4.24M
Jackie Brown,64,7.5,154 min,"Crime, Drama, Thriller",R,Quentin Tarantino,,"313,187",$39.67M
Sideways,94,7.5,127 min,"Comedy, Drama, Romance",R,Alexander Payne,,"178,374",$71.50M
Edward Scissorhands,74,7.9,105 min,"Drama, Fantasy, Romance",PG-13,Tim Burton,,"443,437",$56.36M
The Thin Red Line,78,7.6,170 min,"Drama, War",R,Terrence Malick,,"171,264",$36.40M
Hotel Rwanda,79,8.1,121 min,"Biography, Drama, History",PG-13,Terry George,,"332,042",$23.53M
Sexy Beast,79,7.3,89 min,"Crime, Drama, Thriller",R,Jonathan Glazer,,"54,948",$6.95M
Swingers,71,7.2,96 min,"Comedy, Drama",R,Doug Liman,,"74,749",$4.51M
Amélie,69,8.3,122 min,"Comedy, Romance",R,Jean-Pierre Jeunet,,"697,672",$33.23M
The Girl with the Dragon Tattoo,76,7.8,152 min,"Crime, Drama, Mystery",R,Niels Arden Oplev,,"207,685",$10.10M
Cinema Paradiso,80,8.5,155 min,Drama,R,Giuseppe Tornatore,,"227,364",$11.99M
Witness for the Prosecution,,8.4,116 min,"Crime, Drama, Mystery",Approved,Billy Wilder,,"107,266",$8.18M
The Apartment,94,8.3,125 min,"Comedy, Drama, Romance",Approved,Billy Wilder,,"162,148",$18.60M
Meet the Parents,73,7,108 min,"Comedy, Romance",PG-13,Jay Roach,,"308,961",$166.24M
The Right Stuff,91,7.8,193 min,"Adventure, Biography, Drama",PG,Philip Kaufman,,"55,745",$21.50M
Catch Me If You Can,75,8.1,141 min,"Biography, Crime, Drama",PG-13,Steven Spielberg,,"816,491",$164.62M
Saturday Night Fever,77,6.8,118 min,"Drama, Music",R,John Badham,,"70,871",$94.21M
Anchorman: The Legend of Ron Burgundy,63,7.2,94 min,Comedy,PG-13,Adam McKay,,"327,993",$85.29M
Happiness,81,7.7,134 min,"Comedy, Drama",Unrated,Todd Solondz,,"66,011",$2.81M
Knocked Up,85,6.9,129 min,"Comedy, Romance",R,Judd Apatow,,"348,645",$148.73M
District 9,81,7.9,112 min,"Action, Sci-Fi, Thriller",R,Neill Blomkamp,,"634,838",$115.65M
Fahrenheit 9/11,67,7.5,122 min,"Documentary, Drama, War",R,Michael Moore,,"126,022",$119.19M
The Godfather,100,9.2,175 min,"Crime, Drama",R,Francis Ford Coppola,,"1,597,581",$134.97M
Goodfellas,90,8.7,146 min,"Biography, Crime, Drama",R,Martin Scorsese,,"1,007,437",$46.84M
Pulp Fiction,94,8.9,154 min,"Crime, Drama",R,Quentin Tarantino,,"1,805,578",$107.93M
The Usual Suspects,77,8.5,106 min,"Crime, Mystery, Thriller",R,Bryan Singer,,"981,371",$23.34M
Apocalypse Now,94,8.4,147 min,"Drama, Mystery, War",R,Francis Ford Coppola,,"599,996",$83.47M
Trainspotting,83,8.1,93 min,Drama,R,Danny Boyle,,"629,606",$16.50M
Fight Club,66,8.8,139 min,Drama,R,David Fincher,,"1,833,202",$37.03M
Schindler's List,94,8.9,195 min,"Biography, Drama, History",R,Steven Spielberg,,"1,200,183",$96.90M
Boogie Nights,85,7.9,155 min,Drama,R,Paul Thomas Anderson,,"236,974",$26.40M
Reservoir Dogs,79,8.3,99 min,"Crime, Drama, Thriller",R,Quentin Tarantino,,"908,796",$2.83M
The Shawshank Redemption,80,9.3,142 min,Drama,R,Frank Darabont,,"2,313,880",$28.34M
Jaws,87,8,124 min,"Adventure, Thriller",PG,Steven Spielberg,,"540,348",$260.00M
Taxi Driver,94,8.3,114 min,"Crime, Drama",R,Martin Scorsese,,"715,372",$28.26M
L.A. Confidential,90,8.2,138 min,"Crime, Drama, Mystery",R,Curtis Hanson,,"527,312",$64.62M
Back to the Future,87,8.5,116 min,"Adventure, Comedy, Sci-Fi",PG,Robert Zemeckis,,"1,044,552",$210.61M
The Godfather: Part II,90,9,202 min,"Crime, Drama",R,Francis Ford Coppola,,"1,115,932",$57.30M
Fargo,85,8.1,98 min,"Crime, Drama, Thriller",R,Joel Coen,,"610,434",$24.61M
The Dark Knight,84,9,152 min,"Action, Crime, Drama",PG-13,Christopher Nolan,,"2,276,441",$534.86M
The Matrix,73,8.7,136 min,"Action, Sci-Fi",R,Lana Wachowski,,"1,655,930",$171.48M
Magnolia,77,8,188 min,Drama,R,Paul Thomas Anderson,,"287,419",$22.46M
Scarface,65,8.3,170 min,"Crime, Drama",R,Brian De Palma,,"732,260",$45.60M
The Royal Tenenbaums,76,7.6,110 min,"Comedy, Drama",R,Wes Anderson,,"264,297",$52.36M
Donnie Darko,88,8,113 min,"Drama, Mystery, Sci-Fi",R,Richard Kelly,,"734,777",$1.48M
Platoon,92,8.1,120 min,"Drama, War",R,Oliver Stone,,"377,811",$138.53M
Heat,76,8.2,170 min,"Crime, Drama, Thriller",R,Michael Mann,,"570,250",$67.44M
American Beauty,84,8.3,122 min,Drama,R,Sam Mendes,,"1,060,562",$130.10M
The Big Lebowski,71,8.1,117 min,"Comedy, Crime, Sport",R,Joel Coen,,"724,892",$17.50M
Raging Bull,89,8.2,129 min,"Biography, Drama, Sport",R,Martin Scorsese,,"318,543",$23.38M
A Prophet,90,7.9,155 min,"Crime, Drama",R,Jacques Audiard,,"92,867",$2.08M
The Departed,85,8.5,151 min,"Crime, Drama, Thriller",R,Martin Scorsese,,"1,175,962",$132.38M
There's Something About Mary,69,7.1,119 min,"Comedy, Romance",R,Bobby Farrelly,,"288,820",$176.48M
Léon: The Professional,64,8.5,110 min,"Action, Crime, Drama",R,Luc Besson,,"1,023,086",$19.50M
City of God,79,8.6,130 min,"Crime, Drama",R,Fernando Meirelles,,"693,276",$7.56M
Once Upon a Time in America,,8.4,229 min,"Crime, Drama",R,Sergio Leone,,"307,375",$5.32M
"Lock, Stock and Two Smoking Barrels",66,8.2,107 min,"Action, Comedy, Crime",R,Guy Ritchie,,"530,505",$3.90M
The Truman Show,90,8.1,103 min,"Comedy, Drama, Sci-Fi",PG,Peter Weir,,"926,583",$125.62M
Toy Story,95,8.3,81 min,"Animation, Adventure, Comedy",G,John Lasseter,,"877,130",$191.80M
Alien,89,8.4,117 min,"Horror, Sci-Fi",R,Ridley Scott,,"779,968",$78.90M
Rushmore,86,7.7,93 min,"Comedy, Drama, Romance",R,Wes Anderson,,"167,874",$17.11M
Se7en,65,8.6,127 min,"Crime, Drama, Mystery",R,David Fincher,,"1,425,926",$100.13M
Good Will Hunting,70,8.3,126 min,"Drama, Romance",R,Gus Van Sant,,"850,930",$138.43M
Aliens,84,8.3,137 min,"Action, Adventure, Sci-Fi",R,James Cameron,,"647,246",$85.16M
The Exorcist,81,8,122 min,Horror,R,William Friedkin,,"359,996",$232.91M
One Flew Over the Cuckoo's Nest,83,8.7,133 min,Drama,R,Milos Forman,,"908,411",$112.00M
Chinatown,92,8.1,130 min,"Drama, Mystery, Thriller",R,Roman Polanski,,"291,055",$29.20M
Casino,73,8.2,178 min,"Crime, Drama",R,Martin Scorsese,,"460,643",$42.44M
True Romance,,7.9,119 min,"Crime, Drama, Romance",R,Tony Scott,,"205,048",$12.28M
Sin City,74,8,124 min,"Crime, Thriller",R,Frank Miller,,"736,234",$74.10M
Gladiator,67,8.5,155 min,"Action, Adventure, Drama",R,Ridley Scott,,"1,326,284",$187.71M
Raiders of the Lost Ark,85,8.4,115 min,"Action, Adventure",PG,Steven Spielberg,,"875,842",$248.16M
Miller's Crossing,66,7.7,115 min,"Crime, Drama, Thriller",R,Joel Coen,,"124,968",$5.08M
Being John Malkovich,90,7.7,113 min,"Comedy, Drama, Fantasy",R,Spike Jonze,,"309,942",$22.86M
Die Hard,72,8.2,132 min,"Action, Thriller",R,John McTiernan,,"776,860",$83.01M
Casablanca,100,8.5,102 min,"Drama, Romance, War",PG,Michael Curtiz,,"516,649",$1.02M
Kick-Ass,66,7.6,117 min,"Action, Comedy, Crime",R,Matthew Vaughn,,"521,539",$48.07M
The Prestige,66,8.5,130 min,"Drama, Mystery, Sci-Fi",PG-13,Christopher Nolan,,"1,174,474",$53.09M
Inglourious Basterds,69,8.3,153 min,"Adventure, Drama, War",R,Quentin Tarantino,,"1,250,310",$120.54M
Evil Dead II,72,7.8,84 min,"Action, Comedy, Fantasy",R,Sam Raimi,,"147,224",$5.92M
Jurassic Park,68,8.1,127 min,"Action, Adventure, Sci-Fi",PG-13,Steven Spielberg,,"858,121",$402.45M
Batman Begins,70,8.2,140 min,"Action, Adventure",PG-13,Christopher Nolan,,"1,295,027",$206.85M
The Green Mile,61,8.6,189 min,"Crime, Drama, Fantasy",R,Frank Darabont,,"1,131,865",$136.80M
The French Connection,94,7.7,104 min,"Action, Crime, Drama",R,William Friedkin,,"108,961",$15.63M
Unforgiven,85,8.2,130 min,"Drama, Western",R,Clint Eastwood,,"372,224",$101.16M
Drive,78,7.8,100 min,"Crime, Drama",R,Nicolas Winding Refn,,"565,713",$35.06M
The Shining,66,8.4,146 min,"Drama, Horror",R,Stanley Kubrick,,"887,459",$44.02M
The Evil Dead,71,7.5,85 min,Horror,NC-17,Sam Raimi,,"185,948",$2.40M
Forrest Gump,82,8.8,142 min,"Drama, Romance",PG-13,Robert Zemeckis,,"1,783,922",$330.25M
The Thing,,8.1,109 min,"Horror, Mystery, Sci-Fi",R,John Carpenter,,"367,399",$13.78M
Citizen Kane,100,8.3,119 min,"Drama, Mystery",PG,Orson Welles,,"396,334",$1.59M
Blue Velvet,76,7.7,120 min,"Drama, Mystery, Thriller",R,David Lynch,,"179,205",$8.55M
The Wicker Man,87,7.5,88 min,"Horror, Mystery, Thriller",R,Robin Hardy,,"69,409",$0.06M
Eternal Sunshine of the Spotless Mind,89,8.3,108 min,"Drama, Romance, Sci-Fi",R,Michel Gondry,,"902,536",$34.40M
The Princess Bride,77,8,98 min,"Adventure, Family, Fantasy",PG,Rob Reiner,,"390,299",$30.86M
A Clockwork Orange,77,8.3,136 min,"Crime, Drama, Sci-Fi",R,Stanley Kubrick,,"750,632",$6.21M
Go,72,7.2,102 min,"Comedy, Crime",R,Doug Liman,,"66,614",$16.84M
Stand by Me,75,8.1,89 min,"Adventure, Drama",R,Rob Reiner,,"360,122",$52.29M
The Lord of the Rings: The Return of the King,94,8.9,201 min,"Action, Adventure, Drama",PG-13,Peter Jackson,,"1,624,617",$377.85M
Terminator 2: Judgment Day,75,8.5,137 min,"Action, Sci-Fi",R,James Cameron,,"986,603",$204.84M
Toy Story 2,88,7.9,92 min,"Animation, Adventure, Comedy",G,John Lasseter,,"521,772",$245.85M
Saving Private Ryan,91,8.6,169 min,"Drama, War",R,Steven Spielberg,,"1,221,388",$216.54M
Desperado,,7.2,104 min,"Action, Crime, Thriller",R,Robert Rodriguez,,"170,179",$25.63M
Indiana Jones and the Last Crusade,65,8.2,127 min,"Action, Adventure",PG-13,Steven Spielberg,,"685,734",$197.17M
Saw,,7.6,103 min,"Horror, Mystery",R,James Wan,,"376,387",$56.00M
My Left Foot,97,7.9,103 min,"Biography, Drama",R,Jim Sheridan,,"67,239",$14.74M
Bowling for Columbine,72,7.9,120 min,"Documentary, Crime, Drama",R,Michael Moore,,"139,289",$21.58M
Man on Fire,,7.7,146 min,"Action, Crime, Drama",R,Tony Scott,,"326,835",$77.91M
Almost Famous,90,7.9,122 min,"Adventure, Comedy, Drama",R,Cameron Crowe,,"250,557",$32.53M
High Fidelity,79,7.5,113 min,"Comedy, Drama, Music",R,Stephen Frears,,"167,051",$27.28M
Django Unchained,81,8.4,165 min,"Drama, Western",R,Quentin Tarantino,,"1,339,461",$162.81M
12 Angry Men,96,9,96 min,"Crime, Drama",Approved,Sidney Lumet,,"680,611",$4.36M
Memento,80,8.4,113 min,"Mystery, Thriller",R,Christopher Nolan,,"1,114,209",$25.54M
Rain Man,65,8,133 min,Drama,R,Barry Levinson,,"469,275",$178.80M
Minority Report,80,7.6,145 min,"Action, Crime, Mystery",PG-13,Steven Spielberg,,"504,158",$132.07M
Goldfinger,87,7.7,110 min,"Action, Adventure, Thriller",PG,Guy Hamilton,,"171,886",$51.08M
The Social Network,95,7.7,120 min,"Biography, Drama",PG-13,David Fincher,,"617,790",$96.96M
American Psycho,64,7.6,101 min,"Comedy, Crime, Drama",R,Mary Harron,,"483,135",$15.07M
Men in Black,71,7.3,98 min,"Action, Adventure, Comedy",PG-13,Barry Sonnenfeld,,"512,167",$250.69M
No Country for Old Men,91,8.1,122 min,"Crime, Drama, Thriller",R,Ethan Coen,,"845,422",$74.28M
Airplane!,78,7.7,88 min,Comedy,PG,Jim Abrahams,,"212,460",$83.40M
There Will Be Blood,93,8.2,158 min,Drama,R,Paul Thomas Anderson,,"511,001",$40.22M
